fy11,fy12,fy13,fy14,county,merge_loc
"$173,382 ","$321,130 ","$495,358 ","$269,855 ",Dekalb,"DeKalb County, Illinois"
"$331,617 ","$482,332 ","$730,261 ","$406,190 ",Lake,"Lake County, Illinois"
"$207,871 ","$346,635 ","$585,047 ","$319,608 ",Lake,"Lake County, Illinois"
"$67,541 ","$83,477 ","$112,768 ","$69,184 ",Cook,"Cook County, Illinois"
"$26,012 ","$44,705 ","$65,172 ","$36,049 ",Dekalb,"DeKalb County, Illinois"
"$3,961 ","$8,862 ","$13,037 ","$3,774 ",Dupage,"Dupage County, Illinois"
"$253,115 ","$378,160 ","$622,981 ","$344,440 ",Cook,"Cook County, Illinois"
"$106,618 ","$163,028 ","$242,804 ","$138,964 ",Cook,"Cook County, Illinois"
"$69,277 ","$108,865 ","$168,766 ","$93,913 ",Cook,"Cook County, Illinois"
"$269,721 ","$383,467 ","$608,057 ","$304,091 ",Cook,"Cook County, Illinois"
"$63,047 ","$75,869 ","$128,503 ","$70,187 ",Cook,"Cook County, Illinois"
"$214,023 ","$314,141 ","$502,220 ","$283,875 ",Cook,"Cook County, Illinois"
"$182,521 ","$252,106 ","$392,832 ","$204,620 ",Cook,"Cook County, Illinois"
"$626,457 ","$860,222 ","$1,322,103 ","$737,237 ",Cook,"Cook County, Illinois"
"$310,636 ","$456,515 ","$709,286 ","$365,827 ",Dupage,"Dupage County, Illinois"
"$220,985 ","$342,295 ","$557,539 ","$290,332 ",Cook,"Cook County, Illinois"
"$360,223 ","$563,444 ","$904,312 ","$472,622 ",Kane,"Kane County, Illinois"
,$329 ,"$49,128 ","$48,940 ",Kane,"Kane County, Illinois"
"$302,721 ","$431,996 ","$691,630 ","$385,070 ",Cook,"Cook County, Illinois"
"$285,986 ","$437,966 ","$723,360 ","$378,893 ",Kane,"Kane County, Illinois"
"$93,755 ","$145,072 ","$225,679 ","$123,018 ",Dekalb,"DeKalb County, Illinois"
"$26,672 ","$39,129 ","$51,450 ","$28,478 ",Dekalb,"DeKalb County, Illinois"
"$389,024 ","$611,725 ","$999,578 ","$548,867 ",Dupage,"Dupage County, Illinois"
"$172,650 ","$299,271 ","$472,333 ","$250,314 ",Dupage,"Dupage County, Illinois"
"$517,615 ","$810,084 ","$1,372,905 ","$714,143 ",Cook,"Cook County, Illinois"
"$294,660 ","$460,530 ","$759,599 ","$394,976 ",Dupage,"Dupage County, Illinois"
"$379,670 ","$565,854 ","$912,813 ","$500,066 ",Dupage,"Dupage County, Illinois"
"$44,621 ","$68,386 ","$105,238 ","$56,875 ",Dupage,"Dupage County, Illinois"
"$84,874 ","$131,079 ","$199,218 ","$91,535 ",Dupage,"Dupage County, Illinois"
"$278,823 ","$444,346 ","$663,239 ","$374,600 ",Dupage,"Dupage County, Illinois"
"$80,073 ","$103,475 ","$133,144 ","$42,946 ",Cook,"Cook County, Illinois"
"$212,962 ","$328,792 ","$542,664 ","$271,394 ",Cook,"Cook County, Illinois"
"$327,294 ","$473,795 ","$711,941 ","$327,375 ",Cook,"Cook County, Illinois"
"$137,457 ","$206,979 ","$345,916 ","$208,891 ",Cook,"Cook County, Illinois"
"$133,457 ","$209,953 ","$354,168 ","$172,476 ",Cook,"Cook County, Illinois"
"$246,545 ","$349,278 ","$512,296 ","$275,537 ",Lake,"Lake County, Illinois"
"$220,599 ","$312,161 ","$495,963 ","$275,620 ",Cook,"Cook County, Illinois"
"$55,067 ","$67,156 ","$69,828 ","$5,623 ",Cook,"Cook County, Illinois"
"$18,504 ","$31,764 ","$51,875 ","$24,792 ",Cook,"Cook County, Illinois"
"$326,731 ","$448,254 ","$657,834 ","$363,042 ",Cook,"Cook County, Illinois"
"$95,330 ","$131,675 ","$207,409 ","$124,300 ",Cook,"Cook County, Illinois"
"$132,075 ","$233,518 ","$371,257 ","$206,978 ",Cook,"Cook County, Illinois"
"$66,348 ","$106,425 ","$161,638 ","$82,266 ",Will,"Will County, Illinois"
"$509,838 ","$765,519 ","$1,239,477 ","$657,331 ",Cook,"Cook County, Illinois"
"$107,113 ","$173,046 ","$270,111 ","$127,650 ",Will,"Will County, Illinois"
"$11,881 ","$30,949 ","$59,520 ","$30,963 ",Will,"Will County, Illinois"
"$29,474 ","$53,393 ","$78,907 ","$42,645 ",Dekalb,"DeKalb County, Illinois"
"$169,424 ","$240,069 ","$364,333 ","$205,806 ",Cook,"Cook County, Illinois"
"$7,275 ","$13,748 ","$18,600 ","$10,109 ",Grundy,"Grundy County, Illinois"
"$60,115 ","$88,742 ","$133,133 ","$64,479 ",Will,"Will County, Illinois"
"$407,535 ","$579,933 ","$844,735 ","$438,902 ",Cook,"Cook County, Illinois"
"$104,355 ","$196,727 ","$333,730 ","$171,842 ",Will,"Will County, Illinois"
"$402,777 ","$609,099 ","$1,037,422 ","$595,372 ",Cook,"Cook County, Illinois"
"$133,730 ","$227,086 ","$354,159 ","$194,841 ",Cook,"Cook County, Illinois"
"$121,195 ","$196,468 ","$296,217 ","$148,657 ",Grundy,"Grundy County, Illinois"
"$171,725 ","$267,148 ","$428,485 ","$233,843 ",Will,"Will County, Illinois"
"$186,829 ","$276,666 ","$404,216 ","$210,003 ",Cook,"Cook County, Illinois"
"$18,857 ","$41,092 ","$82,062 ","$44,016 ",Cook,"Cook County, Illinois"
"$61,049 ","$127,538 ","$199,346 ","$101,664 ",Livingston,"Livingston County, Illinois"
"$33,963 ","$54,506 ","$74,625 ","$33,870 ",Will,"Will County, Illinois"
"$63,095 ","$59,764 ","$63,975 ","$34,930 ",Cook,"Cook County, Illinois"
"$389,065 ","$589,316 ","$912,918 ","$478,678 ",Will,"Will County, Illinois"
"$25,009 ","$42,529 ","$66,206 ","$33,078 ",Grundy,"Grundy County, Illinois"
"$194,763 ","$298,516 ","$543,656 ","$291,736 ",Cook,"Cook County, Illinois"
"$234,893 ","$354,514 ","$503,974 ","$271,500 ",Cook,"Cook County, Illinois"
"$12,788 ","$23,727 ","$44,201 ","$26,402 ",Cook,"Cook County, Illinois"
"$76,991 ","$98,272 ","$135,740 ","$71,463 ",Cook,"Cook County, Illinois"
"$232,312 ","$375,275 ","$577,499 ","$282,985 ",Cook,"Cook County, Illinois"
"$252,306 ","$393,628 ","$676,527 ","$353,862 ",Cook,"Cook County, Illinois"
"$288,967 ","$457,941 ","$759,647 ","$402,028 ",Will,"Will County, Illinois"
"$65,344 ","$96,532 ","$157,155 ","$86,731 ",Will,"Will County, Illinois"
"$147,992 ","$212,799 ","$314,871 ","$168,978 ",Will,"Will County, Illinois"
"$662,367 ","$973,396 ","$1,520,007 ","$822,983 ",Will,"Will County, Illinois"
"$114,452 ","$160,953 ","$251,863 ","$150,481 ",Will,"Will County, Illinois"
"$441,245 ","$664,927 ","$938,605 ","$485,810 ",Cook,"Cook County, Illinois"
"$193,609 ","$268,716 ","$426,962 ","$212,486 ",Cook,"Cook County, Illinois"
"$507,946 ","$749,170 ","$1,222,938 ","$674,983 ",Will,"Will County, Illinois"
"$394,687 ","$604,793 ","$895,473 ","$472,509 ",Will,"Will County, Illinois"
"$44,613 ","$78,740 ","$145,797 ","$75,922 ",Will,"Will County, Illinois"
"$23,814 ","$40,297 ","$71,693 ","$38,293 ",Cook,"Cook County, Illinois"
"$222,812 ","$312,885 ","$473,294 ","$252,017 ",Cook,"Cook County, Illinois"
"$25,487 ","$46,560 ","$60,695 ","$34,095 ",Grundy,"Grundy County, Illinois"
"$315,383 ","$471,061 ","$750,672 ","$409,639 ",Cook,"Cook County, Illinois"
"$416,190 ","$628,478 ","$989,418 ","$536,713 ",Will,"Will County, Illinois"
"$145,681 ","$232,692 ","$337,135 ","$181,074 ",Grundy,"Grundy County, Illinois"
"$340,584 ","$563,813 ","$921,345 ","$477,363 ",Will,"Will County, Illinois"
"$123,828 ","$208,069 ","$324,928 ","$173,963 ",Will,"Will County, Illinois"
"$193,746 ","$333,131 ","$551,070 ","$292,783 ",Grundy,"Grundy County, Illinois"
"$297,560 ","$452,048 ","$725,987 ","$389,227 ",Will,"Will County, Illinois"
"$341,590 ","$500,051 ","$744,720 ","$411,491 ",Cook,"Cook County, Illinois"
"$273,739 ","$442,311 ","$725,181 ","$387,878 ",Lake,"Lake County, Illinois"
"$758,144 ","$1,117,573 ","$1,745,192 ","$970,007 ",Cook,"Cook County, Illinois"
"$253,699 ","$356,013 ","$539,268 ","$249,704 ",Cook,"Cook County, Illinois"
"$23,014 ","$53,451 ","$107,306 ","$54,157 ",Cook,"Cook County, Illinois"
"$204,523 ","$328,574 ","$508,521 ","$278,261 ",Cook,"Cook County, Illinois"
"$154,597 ","$216,802 ","$318,185 ","$172,505 ",Cook,"Cook County, Illinois"
"$383,103 ","$524,065 ","$781,293 ","$412,758 ",Cook,"Cook County, Illinois"
"$15,000 ","$23,992 ","$38,691 ","$19,332 ",Livingston,"Livingston County, Illinois"
"$58,173 ","$77,380 ","$119,322 ","$66,793 ",Cook,"Cook County, Illinois"
"$352,234 ","$513,187 ","$811,979 ","$445,524 ",Cook,"Cook County, Illinois"
"$156,459 ","$257,210 ","$439,492 ","$247,610 ",Cook,"Cook County, Illinois"
"$400,981 ","$621,103 ","$955,013 ","$509,031 ",Lake,"Lake County, Illinois"
"$144,006 ","$209,999 ","$309,546 ","$164,261 ",Cook,"Cook County, Illinois"
"$167,443 ","$284,852 ","$432,151 ","$240,064 ",Cook,"Cook County, Illinois"
"$166,526 ","$245,641 ","$346,288 ","$174,451 ",Cook,"Cook County, Illinois"
"$109,150 ","$150,000 ","$260,645 ","$154,674 ",Cook,"Cook County, Illinois"
"$78,610 ","$117,008 ","$174,532 ","$91,660 ",Will,"Will County, Illinois"
"$99,439 ","$146,446 ","$223,788 ","$110,321 ",Cook,"Cook County, Illinois"
"$9,263 ","$17,276 ","$24,873 ","$15,566 ",Dekalb,"DeKalb County, Illinois"
"$51,474 ","$72,826 ","$124,865 ","$74,784 ",Cook,"Cook County, Illinois"
"$24,929 ","$37,928 ","$64,593 ","$36,853 ",Cook,"Cook County, Illinois"
"$204,013 ","$302,552 ","$478,941 ","$264,383 ",Cook,"Cook County, Illinois"
"$400,506 ","$575,066 ","$828,147 ","$447,425 ",Cook,"Cook County, Illinois"
"$26,167 ","$43,965 ","$72,563 ","$41,211 ",Dekalb,"DeKalb County, Illinois"
"$16,541 ","$27,791 ","$38,695 ","$20,674 ",Grundy,"Grundy County, Illinois"
"$146,266 ","$223,828 ","$327,221 ","$166,863 ",Cook,"Cook County, Illinois"
"$55,574 ","$87,083 ","$134,364 ","$82,396 ",Cook,"Cook County, Illinois"
"$685,030 ","$1,058,743 ","$1,555,598 ","$816,722 ",Cook,"Cook County, Illinois"
"$147,882 ","$213,980 ","$352,697 ","$197,302 ",Cook,"Cook County, Illinois"
"$96,975 ","$158,519 ","$234,194 ","$126,514 ",Cook,"Cook County, Illinois"
"$124,722 ","$203,292 ","$308,564 ","$159,314 ",Will,"Will County, Illinois"
"$124,636 ","$180,029 ","$233,337 ","$122,164 ",Cook,"Cook County, Illinois"
"$23,470 ","$33,649 ","$68,538 ","$34,360 ",Cook,"Cook County, Illinois"
"$43,883 ","$57,897 ","$98,837 ","$55,726 ",Will,"Will County, Illinois"
"$204,629 ","$296,767 ","$474,756 ","$252,624 ",Dekalb,"DeKalb County, Illinois"
"$316,861 ","$527,921 ","$840,830 ","$437,404 ",Will,"Will County, Illinois"
"$169,058 ","$238,456 ","$374,092 ","$187,641 ",Cook,"Cook County, Illinois"
"$90,425 ","$143,311 ","$265,511 ","$154,051 ",Dupage,"Dupage County, Illinois"
"$4,864 ","$13,221 ","$19,060 ","$12,752 ",Dupage,"Dupage County, Illinois"
"$361,834 ","$558,874 ","$911,197 ","$466,938 ",Dupage,"Dupage County, Illinois"
"$209,962 ","$323,102 ","$534,216 ","$274,184 ",Kane,"Kane County, Illinois"
"$277,086 ","$430,772 ","$736,662 ","$411,422 ",Kane,"Kane County, Illinois"
"$208,498 ","$349,143 ","$576,852 ","$310,183 ",Kane,"Kane County, Illinois"
"$8,101 ","$12,710 ","$19,350 ","$10,426 ",Kane,"Kane County, Illinois"
"$167,241 ","$252,336 ","$364,859 ","$203,841 ",Cook,"Cook County, Illinois"
"$301,486 ","$476,724 ","$807,427 ","$420,905 ",Lake,"Lake County, Illinois"
"$7,996 ","$13,375 ","$32,080 ","$20,796 ",Dupage,"Dupage County, Illinois"
"$303,972 ","$468,484 ","$783,304 ","$398,773 ",Dupage,"Dupage County, Illinois"
"$112,624 ","$175,826 ","$276,038 ","$161,508 ",Dupage,"Dupage County, Illinois"
"$360,371 ","$534,201 ","$810,779 ","$424,178 ",Dupage,"Dupage County, Illinois"
"$52,301 ","$76,412 ","$103,908 ","$57,915 ",Dekalb,"DeKalb County, Illinois"
"$11,641 ","$22,934 ","$33,920 ","$16,760 ",Dekalb,"DeKalb County, Illinois"
"$206,999 ","$376,682 ","$614,453 ","$329,791 ",Dupage,"Dupage County, Illinois"
"$40,659 ","$94,862 ","$185,425 ","$97,203 ",Dupage,"Dupage County, Illinois"
"$572,277 ","$819,514 ","$1,237,898 ","$666,667 ",Cook,"Cook County, Illinois"
"$64,369 ","$97,768 ","$157,727 ","$82,492 ",Cook,"Cook County, Illinois"
"$61,314 ","$92,245 ","$162,882 ","$91,568 ",Lake,"Lake County, Illinois"
"$274,446 ","$424,563 ","$689,760 ","$338,478 ",Dupage,"Dupage County, Illinois"
$224 ,"$2,179 ","$4,799 ","$2,678 ",Lee,"Lee County, Illinois"
"$13,981 ","$19,723 ","$33,036 ","$17,383 ",Dekalb,"DeKalb County, Illinois"
"$243,252 ","$364,107 ","$584,512 ","$313,916 ",Dupage,"Dupage County, Illinois"
"$155,229 ","$214,859 ","$325,560 ","$172,286 ",Cook,"Cook County, Illinois"
,$4 ,,,Kendall,"Kendall County, Illinois"
"$189,866 ","$205,203 ","$343,820 ","$188,223 ",Kendall,"Kendall County, Illinois"
"$245,048 ","$407,172 ","$681,988 ","$359,314 ",Dupage,"Dupage County, Illinois"
"$17,744 ","$29,765 ","$55,848 ","$31,071 ",Kendall,"Kendall County, Illinois"
"$205,549 ","$299,810 ","$468,619 ","$256,410 ",Kane,"Kane County, Illinois"
"$72,167 ","$96,015 ","$114,045 ","$68,574 ",Lake,"Lake County, Illinois"
"$318,231 ","$499,183 ","$815,904 ","$431,005 ",Kendall,"Kendall County, Illinois"
"$212,198 ","$339,250 ","$595,608 ","$305,616 ",Will,"Will County, Illinois"
"$87,164 ","$153,920 ","$241,501 ","$137,732 ",Kendall,"Kendall County, Illinois"
"$241,053 ","$343,908 ","$544,478 ","$297,189 ",Cook,"Cook County, Illinois"
"$13,968 ","$25,062 ","$31,354 ","$17,461 ",Dekalb,"DeKalb County, Illinois"
"$65,432 ","$98,731 ","$135,680 ","$76,227 ",Dewitt,"De Witt County, Illinois"
"$9,310 ","$15,013 ","$23,263 ","$12,330 ",Dewitt,"De Witt County, Illinois"
"$19,270 ","$32,261 ","$39,044 ","$21,614 ",Dewitt,"De Witt County, Illinois"
"$89,265 ","$139,751 ","$226,532 ","$117,950 ",Kane,"Kane County, Illinois"
"$148,749 ","$214,441 ","$346,287 ","$194,327 ",Dupage,"Dupage County, Illinois"
"$103,073 ","$168,768 ","$278,347 ","$154,078 ",Lake,"Lake County, Illinois"
,,"$5,933 ","$3,549 ",La Salle,"LaSalle County, Illinois"
"$43,511 ","$78,891 ","$127,194 ","$53,891 ",Cook,"Cook County, Illinois"
"$378,445 ","$582,982 ","$879,628 ","$485,110 ",Dupage,"Dupage County, Illinois"
"$130,625 ","$205,096 ","$330,594 ","$166,100 ",Kendall,"Kendall County, Illinois"
"$278,867 ","$469,410 ","$735,927 ","$393,271 ",Dupage,"Dupage County, Illinois"
"$318,606 ","$498,402 ","$821,076 ","$431,275 ",Dupage,"Dupage County, Illinois"
"$249,838 ","$390,866 ","$650,898 ","$322,901 ",Will,"Will County, Illinois"
"$135,014 ","$214,688 ","$360,445 ","$186,263 ",Dupage,"Dupage County, Illinois"
"$127,892 ","$185,230 ","$304,987 ","$183,277 ",Will,"Will County, Illinois"
"$142,900 ","$223,133 ","$301,027 ","$155,622 ",Will,"Will County, Illinois"
"$107,555 ","$165,743 ","$279,660 ","$151,628 ",Lake,"Lake County, Illinois"
"$545,868 ","$825,454 ","$1,427,552 ","$779,812 ",Cook,"Cook County, Illinois"
"$261,396 ","$409,342 ","$637,861 ","$345,142 ",Cook,"Cook County, Illinois"
"$279,241 ","$408,469 ","$682,502 ","$323,318 ",Cook,"Cook County, Illinois"
"$317,457 ","$448,610 ","$742,998 ","$376,559 ",Cook,"Cook County, Illinois"
"$265,786 ","$439,422 ","$692,220 ","$362,878 ",Cook,"Cook County, Illinois"
"$754,008 ","$1,201,703 ","$1,986,850 ","$1,060,526 ",Cook,"Cook County, Illinois"
"$312,238 ","$470,534 ","$715,401 ","$363,855 ",Cook,"Cook County, Illinois"
"$467,495 ","$712,084 ","$1,233,614 ","$664,953 ",Cook,"Cook County, Illinois"
"$359,735 ","$549,321 ","$873,944 ","$469,872 ",Cook,"Cook County, Illinois"
"$335,471 ","$594,660 ","$1,014,790 ","$497,157 ",Cook,"Cook County, Illinois"
"$82,479 ","$159,040 ","$257,815 ","$134,313 ",Lake,"Lake County, Illinois"
"$391,810 ","$639,655 ","$1,188,082 ","$624,925 ",Cook,"Cook County, Illinois"
"$109,644 ","$187,652 ","$398,170 ","$181,253 ",Cook,"Cook County, Illinois"
"$296,609 ","$441,748 ","$702,087 ","$378,179 ",Cook,"Cook County, Illinois"
"$395,353 ","$597,328 ","$957,523 ","$463,293 ",Cook,"Cook County, Illinois"
"$223,378 ","$304,174 ","$438,527 ","$240,847 ",Cook,"Cook County, Illinois"
"$497,110 ","$770,888 ","$1,185,886 ","$630,512 ",Cook,"Cook County, Illinois"
"$543,931 ","$822,352 ","$1,220,008 ","$624,774 ",Cook,"Cook County, Illinois"
"$780,579 ","$1,126,517 ","$1,838,277 ","$970,870 ",Cook,"Cook County, Illinois"
"$471,907 ","$631,307 ","$904,980 ","$484,316 ",Cook,"Cook County, Illinois"
"$258,654 ","$365,926 ","$477,093 ","$250,903 ",Cook,"Cook County, Illinois"
"$300,482 ","$440,766 ","$673,131 ","$374,426 ",Lake,"Lake County, Illinois"
"$100,886 ","$136,571 ","$204,942 ","$108,300 ",Cook,"Cook County, Illinois"
"$354,922 ","$590,044 ","$973,070 ","$489,332 ",Cook,"Cook County, Illinois"
"$201,605 ","$331,590 ","$629,146 ","$348,482 ",Cook,"Cook County, Illinois"
"$86,524 ","$116,734 ","$172,264 ","$95,868 ",Cook,"Cook County, Illinois"
"$388,694 ","$560,891 ","$902,333 ","$472,111 ",Cook,"Cook County, Illinois"
"$218,392 ","$312,068 ","$501,803 ","$253,354 ",Cook,"Cook County, Illinois"
"$357,559 ","$493,366 ","$690,972 ","$381,017 ",Cook,"Cook County, Illinois"
"$344,459 ","$504,851 ","$872,225 ","$457,697 ",Cook,"Cook County, Illinois"
"$614,629 ","$858,248 ","$1,225,250 ","$677,638 ",Cook,"Cook County, Illinois"
"$119,229 ","$171,770 ","$278,612 ","$156,027 ",Cook,"Cook County, Illinois"
"$349,475 ","$548,738 ","$909,909 ","$465,025 ",Lake,"Lake County, Illinois"
"$471,904 ","$680,471 ","$1,166,985 ","$625,196 ",Cook,"Cook County, Illinois"
"$136,128 ","$194,292 ","$284,782 ","$142,601 ",Cook,"Cook County, Illinois"
"$671,159 ","$947,487 ","$1,450,709 ","$781,557 ",Cook,"Cook County, Illinois"
"$180,152 ","$240,350 ","$325,561 ","$160,035 ",Cook,"Cook County, Illinois"
"$108,614 ","$154,013 ","$221,953 ","$116,324 ",Cook,"Cook County, Illinois"
"$631,256 ","$903,800 ","$1,356,014 ","$729,884 ",Cook,"Cook County, Illinois"
"$357,558 ","$544,201 ","$1,006,396 ","$553,404 ",Cook,"Cook County, Illinois"
"$421,173 ","$739,069 ","$1,163,754 ","$629,138 ",Cook,"Cook County, Illinois"
"$461,205 ","$658,903 ","$1,074,857 ","$562,252 ",Cook,"Cook County, Illinois"
"$250,574 ","$345,425 ","$495,811 ","$272,356 ",Cook,"Cook County, Illinois"
"$380,938 ","$515,126 ","$792,838 ","$426,975 ",Cook,"Cook County, Illinois"
"$224,435 ","$355,467 ","$574,746 ","$313,821 ",Lake,"Lake County, Illinois"
"$82,599 ","$116,391 ","$174,883 ","$95,210 ",Cook,"Cook County, Illinois"
"$220,854 ","$294,629 ","$460,436 ","$235,667 ",Cook,"Cook County, Illinois"
"$211,908 ","$285,762 ","$475,611 ","$244,127 ",Cook,"Cook County, Illinois"
"$494,465 ","$772,320 ","$1,380,463 ","$721,684 ",Cook,"Cook County, Illinois"
"$242,009 ","$305,483 ","$450,694 ","$241,933 ",Cook,"Cook County, Illinois"
"$216,559 ","$276,750 ","$428,684 ","$232,632 ",Cook,"Cook County, Illinois"
"$354,633 ","$532,999 ","$734,522 ","$423,903 ",Cook,"Cook County, Illinois"
"$73,308 ","$107,951 ","$163,714 ","$93,719 ",Cook,"Cook County, Illinois"
"$229,289 ","$343,259 ","$801,840 ","$649,361 ",Cook,"Cook County, Illinois"
"$289,863 ","$438,920 ","$664,408 ","$338,518 ",Cook,"Cook County, Illinois"
"$16,063 ","$27,187 ","$46,492 ","$25,518 ",La Salle,"LaSalle County, Illinois"
"$273,473 ","$388,074 ","$589,952 ","$299,162 ",Cook,"Cook County, Illinois"
"$287,270 ","$442,740 ","$760,446 ","$367,999 ",Cook,"Cook County, Illinois"
"$241,050 ","$349,827 ","$530,786 ","$302,817 ",Cook,"Cook County, Illinois"
"$272,552 ","$406,325 ","$606,839 ","$346,906 ",Cook,"Cook County, Illinois"
"$153,942 ","$235,105 ","$423,853 ","$212,044 ",Cook,"Cook County, Illinois"
"$258,599 ","$387,277 ","$675,732 ","$453,623 ",Cook,"Cook County, Illinois"
"$513,937 ","$682,727 ","$996,152 ","$557,692 ",Cook,"Cook County, Illinois"
"$426,915 ","$613,407 ","$953,881 ","$518,118 ",Cook,"Cook County, Illinois"
"$301,480 ","$413,665 ","$607,522 ","$363,043 ",Cook,"Cook County, Illinois"
"$689,220 ","$982,383 ","$1,497,855 ","$812,012 ",Cook,"Cook County, Illinois"
"$5,614 ","$8,262 ","$14,836 ","$7,862 ",La Salle,"LaSalle County, Illinois"
"$383,914 ","$572,926 ","$885,421 ","$468,448 ",Cook,"Cook County, Illinois"
"$443,083 ","$615,471 ","$1,092,426 ","$589,767 ",Cook,"Cook County, Illinois"
"$392,372 ","$584,494 ","$883,140 ","$489,625 ",Cook,"Cook County, Illinois"
"$216,673 ","$308,616 ","$420,817 ","$232,303 ",Cook,"Cook County, Illinois"
"$235,387 ","$351,179 ","$568,181 ","$311,795 ",Kankakee,"Kankakee County, Illinois"
"$25,122 ","$33,662 ","$48,832 ","$23,764 ",Kankakee,"Kankakee County, Illinois"
"$6,610 ","$12,215 ","$22,612 ","$11,812 ",Iroquois,"Iroquois County, Illinois"
"$194,926 ","$282,867 ","$424,223 ","$234,820 ",Kankakee,"Kankakee County, Illinois"
"$136,932 ","$206,805 ","$317,479 ","$174,062 ",Kankakee,"Kankakee County, Illinois"
$860 ,"$5,096 ","$6,738 ",$604 ,Iroquois,"Iroquois County, Illinois"
"$456,574 ","$625,993 ","$957,744 ","$525,651 ",Cook,"Cook County, Illinois"
"$9,108 ","$16,604 ","$16,884 ","$7,066 ",Livingston,"Livingston County, Illinois"
,"$1,794 ","$6,318 ","$2,947 ",Iroquois,"Iroquois County, Illinois"
"$8,224 ","$12,355 ","$17,087 ","$9,425 ",Iroquois,"Iroquois County, Illinois"
"$20,025 ","$26,723 ","$43,445 ","$19,632 ",Iroquois,"Iroquois County, Illinois"
"$6,816 ","$12,718 ","$17,467 ","$9,744 ",Iroquois,"Iroquois County, Illinois"
"$2,689 ","$4,764 ","$8,964 ","$4,220 ",Livingston,"Livingston County, Illinois"
"$32,589 ","$49,407 ","$75,418 ","$42,557 ",Ford,"Ford County, Illinois"
"$24,002 ","$54,499 ","$87,641 ","$48,719 ",Iroquois,"Iroquois County, Illinois"
"$27,119 ","$43,503 ","$66,060 ","$35,522 ",Kankakee,"Kankakee County, Illinois"
"$17,979 ","$34,942 ","$51,012 ","$27,119 ",Kankakee,"Kankakee County, Illinois"
"$461,793 ","$656,157 ","$1,046,411 ","$560,426 ",Cook,"Cook County, Illinois"
"$42,816 ","$75,883 ","$101,547 ","$53,640 ",Vermilion,"Vermilion County, Illinois"
"$2,526 ","$3,979 ","$5,506 ","$3,193 ",Iroquois,"Iroquois County, Illinois"
"$13,862 ","$12,173 ","$18,937 ","$9,763 ",Iroquois,"Iroquois County, Illinois"
"$133,921 ","$208,890 ","$321,138 ","$172,938 ",Kankakee,"Kankakee County, Illinois"
$144 ,"$1,292 ","$3,015 ","$1,008 ",Ford,"Ford County, Illinois"
"$7,295 ","$16,197 ","$19,683 ","$9,395 ",Iroquois,"Iroquois County, Illinois"
"$59,696 ","$93,506 ","$131,689 ","$65,687 ",Kankakee,"Kankakee County, Illinois"
"$10,735 ","$17,826 ","$23,742 ","$10,390 ",Iroquois,"Iroquois County, Illinois"
"$41,313 ","$66,151 ","$94,713 ","$52,428 ",Ford,"Ford County, Illinois"
"$6,724 ","$8,254 ","$11,560 ","$7,381 ",Ford,"Ford County, Illinois"
"$418,035 ","$662,231 ","$1,089,445 ","$565,436 ",Lake,"Lake County, Illinois"
"$3,354 ","$7,865 ","$9,584 ","$5,311 ",Vermilion,"Vermilion County, Illinois"
$393 ,"$1,993 ","$4,094 ","$2,712 ",Ford,"Ford County, Illinois"
"$8,834 ","$23,555 ","$29,422 ","$19,419 ",Vermilion,"Vermilion County, Illinois"
"$20,883 ","$33,314 ","$51,553 ","$28,365 ",Kankakee,"Kankakee County, Illinois"
"$10,786 ","$9,327 ","$15,486 ","$8,204 ",Iroquois,"Iroquois County, Illinois"
"$52,489 ","$82,221 ","$119,548 ","$65,379 ",Iroquois,"Iroquois County, Illinois"
"$3,748 ","$4,433 ",,,Jo Daviess,"Jo Daviess County, Illinois"
"$6,798 ","$14,564 ","$20,416 ","$11,491 ",Lee,"Lee County, Illinois"
"$273,993 ","$426,176 ","$679,089 ","$374,557 ",Boone,"Boone County, Illinois"
"$57,404 ","$84,277 ","$153,084 ","$86,423 ",Ogle,"Ogle County, Illinois"
"$240,689 ","$362,842 ","$595,580 ","$329,962 ",Lake,"Lake County, Illinois"
"$9,604 ","$17,055 ","$26,333 ","$15,652 ",Boone,"Boone County, Illinois"
"$14,167 ","$20,907 ","$34,525 ","$23,238 ",Stephenson,"Stephenson County, Illinois"
,,"$6,928 ","$2,147 ",Ogle,"Ogle County, Illinois"
"$83,828 ","$89,879 ","$128,320 ","$71,363 ",Winnebago,"Winnebago County, Illinois"
"$5,906 ","$11,820 ","$20,274 ","$9,662 ",Stephenson,"Stephenson County, Illinois"
"$19,170 ","$31,426 ","$56,820 ","$32,062 ",Stephenson,"Stephenson County, Illinois"
"$13,852 ","$19,175 ","$32,085 ","$15,678 ",Ogle,"Ogle County, Illinois"
"$222,272 ","$319,110 ","$498,388 ","$292,725 ",Lee,"Lee County, Illinois"
"$10,387 ","$19,033 ","$38,102 ","$21,684 ",Winnebago,"Winnebago County, Illinois"
"$60,103 ","$89,956 ","$133,100 ","$81,439 ",Jo Daviess,"Jo Daviess County, Illinois"
"$414,682 ","$618,951 ","$1,000,985 ","$524,672 ",Cook,"Cook County, Illinois"
"$12,931 ","$21,013 ","$30,319 ","$16,935 ",Jo Daviess,"Jo Daviess County, Illinois"
"$13,841 ","$19,026 ","$24,138 ","$14,550 ",Ogle,"Ogle County, Illinois"
"$4,580 ","$8,291 ","$14,504 ","$8,592 ",Lee,"Lee County, Illinois"
"$332,779 ","$418,255 ","$560,027 ","$334,433 ",Stephenson,"Stephenson County, Illinois"
"$85,841 ","$125,259 ","$191,956 ","$116,663 ",Jo Daviess,"Jo Daviess County, Illinois"
"$6,470 ","$11,263 ","$15,531 ","$10,878 ",Jo Daviess,"Jo Daviess County, Illinois"
"$9,784 ","$13,651 ","$21,755 ","$12,939 ",Carroll,"Carroll County, Illinois"
"$4,354 ","$7,358 ","$11,593 ","$7,085 ",Ogle,"Ogle County, Illinois"
"$14,577 ","$25,285 ","$45,823 ","$29,998 ",Stephenson,"Stephenson County, Illinois"
"$10,713 ","$22,601 ","$34,039 ","$20,272 ",Carroll,"Carroll County, Illinois"
"$132,872 ","$211,626 ","$327,192 ","$168,122 ",Lake,"Lake County, Illinois"
"$14,447 ","$21,479 ","$37,693 ","$22,321 ",Ogle,"Ogle County, Illinois"
"$13,608 ","$19,998 ","$32,294 ","$19,969 ",Carroll,"Carroll County, Illinois"
"$22,284 ","$32,149 ","$52,252 ","$27,890 ",Ogle,"Ogle County, Illinois"
"$13,238 ","$24,136 ","$35,321 ","$18,347 ",Stephenson,"Stephenson County, Illinois"
"$57,481 ","$88,155 ","$136,224 ","$74,254 ",Ogle,"Ogle County, Illinois"
"$7,485 ","$10,513 ","$17,801 ","$11,960 ",Stephenson,"Stephenson County, Illinois"
"$20,719 ","$32,030 ","$58,021 ","$32,829 ",Winnebago,"Winnebago County, Illinois"
"$19,185 ","$30,222 ","$45,666 ","$29,817 ",Ogle,"Ogle County, Illinois"
"$53,833 ","$82,784 ","$128,412 ","$75,352 ",Boone,"Boone County, Illinois"
"$131,593 ","$196,244 ","$305,870 ","$176,752 ",Ogle,"Ogle County, Illinois"
"$291,862 ","$427,662 ","$671,304 ","$365,971 ",Cook,"Cook County, Illinois"
,,"$2,327 ","$2,487 ",Stephenson,"Stephenson County, Illinois"
"$116,175 ","$167,732 ","$244,911 ","$132,435 ",Whiteside,"Whiteside County, Illinois"
"$36,542 ","$63,194 ","$100,074 ","$51,909 ",Winnebago,"Winnebago County, Illinois"
"$154,663 ","$251,082 ","$460,876 ","$260,611 ",Winnebago,"Winnebago County, Illinois"
"$51,125 ","$77,891 ","$105,247 ","$61,860 ",Carroll,"Carroll County, Illinois"
"$5,584 ","$11,217 ","$16,174 ","$9,832 ",Jo Daviess,"Jo Daviess County, Illinois"
,,"$1,890 ","$3,792 ",Winnebago,"Winnebago County, Illinois"
"$13,227 ","$23,868 ","$36,891 ","$21,541 ",Carroll,"Carroll County, Illinois"
"$173,836 ","$265,856 ","$421,642 ","$250,411 ",Winnebago,"Winnebago County, Illinois"
"$151,417 ","$237,368 ","$365,653 ","$206,859 ",Whiteside,"Whiteside County, Illinois"
"$498,018 ","$727,044 ","$1,177,607 ","$637,059 ",Cook,"Cook County, Illinois"
"$337,386 ","$500,615 ","$785,004 ","$429,744 ",Cook,"Cook County, Illinois"
"$27,208 ","$42,499 ","$72,527 ","$37,346 ",Ogle,"Ogle County, Illinois"
"$41,887 ","$74,423 ","$114,059 ","$63,014 ",Jo Daviess,"Jo Daviess County, Illinois"
"$12,527 ","$23,787 ","$33,576 ","$20,010 ",Jo Daviess,"Jo Daviess County, Illinois"
"$49,899 ","$75,406 ","$131,676 ","$78,246 ",Winnebago,"Winnebago County, Illinois"
"$4,350 ","$6,729 ","$8,375 ","$4,852 ",Stephenson,"Stephenson County, Illinois"
"$79,928 ","$126,271 ","$196,514 ","$109,058 ",Winnebago,"Winnebago County, Illinois"
"$112,615 ","$168,302 ","$256,205 ","$146,800 ",Winnebago,"Winnebago County, Illinois"
"$170,169 ","$242,811 ","$333,389 ","$183,365 ",Winnebago,"Winnebago County, Illinois"
"$124,253 ","$190,947 ","$269,644 ","$140,403 ",Winnebago,"Winnebago County, Illinois"
"$99,931 ","$154,199 ","$253,330 ","$137,242 ",Winnebago,"Winnebago County, Illinois"
"$64,658 ","$119,986 ","$203,364 ","$111,463 ",Lake,"Lake County, Illinois"
"$266,373 ","$434,667 ","$770,743 ","$422,967 ",Winnebago,"Winnebago County, Illinois"
"$249,466 ","$348,473 ","$571,909 ","$323,962 ",Winnebago,"Winnebago County, Illinois"
"$421,863 ","$615,773 ","$940,415 ","$512,456 ",Winnebago,"Winnebago County, Illinois"
"$15,806 ","$60,205 ","$113,404 ","$61,650 ",Winnebago,"Winnebago County, Illinois"
"$123,203 ","$185,785 ","$301,012 ","$172,546 ",Winnebago,"Winnebago County, Illinois"
"$81,538 ","$143,200 ","$231,641 ","$127,152 ",Winnebago,"Winnebago County, Illinois"
"$281,107 ","$391,821 ","$537,311 ","$298,730 ",Rock Island,"Rock Island County, Illinois"
"$10,219 ","$18,230 ","$25,318 ","$16,147 ",Whiteside,"Whiteside County, Illinois"
"$28,300 ","$47,358 ","$77,168 ","$48,912 ",Mercer,"Mercer County, Illinois"
"$20,898 ","$37,580 ","$60,240 ","$36,858 ",Rock Island,"Rock Island County, Illinois"
"$180,717 ","$261,020 ","$404,598 ","$211,871 ",Cook,"Cook County, Illinois"
"$5,675 ","$12,764 ","$15,969 ","$8,648 ",Henry,"Henry County, Illinois"
"$12,044 ","$23,870 ","$39,850 ","$22,671 ",Henry,"Henry County, Illinois"
"$6,328 ","$9,100 ","$14,732 ","$7,657 ",Henry,"Henry County, Illinois"
"$7,021 ","$12,677 ","$19,749 ","$11,459 ",Henry,"Henry County, Illinois"
"$18,645 ","$30,647 ","$50,032 ","$28,581 ",Rock Island,"Rock Island County, Illinois"
"$53,963 ","$80,654 ","$125,801 ","$74,644 ",Rock Island,"Rock Island County, Illinois"
"$65,380 ","$99,183 ","$141,763 ","$79,035 ",Henry,"Henry County, Illinois"
"$21,936 ","$32,825 ","$38,988 ","$19,883 ",Rock Island,"Rock Island County, Illinois"
"$197,558 ","$302,128 ","$445,140 ","$257,325 ",Rock Island,"Rock Island County, Illinois"
"$8,102 ","$17,834 ","$24,398 ","$14,104 ",Whiteside,"Whiteside County, Illinois"
"$33,434 ","$53,939 ","$76,600 ","$42,351 ",La Salle,"LaSalle County, Illinois"
"$41,365 ","$67,784 ","$88,115 ","$50,816 ",Whiteside,"Whiteside County, Illinois"
"$87,657 ","$133,828 ","$214,309 ","$117,016 ",Henry,"Henry County, Illinois"
"$20,215 ","$38,006 ","$58,412 ","$35,327 ",Rock Island,"Rock Island County, Illinois"
"$25,402 ","$41,285 ","$62,628 ","$31,873 ",Rock Island,"Rock Island County, Illinois"
"$5,530 ","$9,564 ","$14,981 ","$8,218 ",Mercer,"Mercer County, Illinois"
"$8,022 ","$13,356 ","$18,826 ","$11,073 ",Whiteside,"Whiteside County, Illinois"
"$7,095 ","$11,105 ","$16,229 ","$10,141 ",Mercer,"Mercer County, Illinois"
"$141,989 ","$208,760 ","$335,976 ","$205,498 ",Rock Island,"Rock Island County, Illinois"
"$390,825 ","$580,986 ","$872,812 ","$507,554 ",Rock Island,"Rock Island County, Illinois"
"$40,645 ","$69,564 ","$107,405 ","$57,861 ",Whiteside,"Whiteside County, Illinois"
"$387,314 ","$591,111 ","$968,960 ","$520,266 ",Lake,"Lake County, Illinois"
"$4,276 ","$7,450 ","$12,259 ","$7,412 ",Mercer,"Mercer County, Illinois"
"$18,491 ","$29,770 ","$50,746 ","$29,268 ",Henry,"Henry County, Illinois"
"$9,270 ","$15,059 ","$26,960 ","$12,366 ",Rock Island,"Rock Island County, Illinois"
"$14,922 ","$23,542 ","$37,813 ","$21,705 ",Whiteside,"Whiteside County, Illinois"
"$29,847 ","$40,892 ","$63,555 ","$37,827 ",Rock Island,"Rock Island County, Illinois"
"$6,489 ","$13,044 ","$20,114 ","$11,177 ",Rock Island,"Rock Island County, Illinois"
"$7,914 ","$13,251 ","$23,623 ","$12,378 ",Mercer,"Mercer County, Illinois"
"$115,457 ","$163,811 ","$234,995 ","$141,993 ",Rock Island,"Rock Island County, Illinois"
"$3,382 ","$7,202 ","$10,231 ","$6,227 ",Whiteside,"Whiteside County, Illinois"
"$7,227 ","$8,745 ","$10,119 ","$5,038 ",Rock Island,"Rock Island County, Illinois"
"$280,382 ","$412,228 ","$683,828 ","$362,262 ",Cook,"Cook County, Illinois"
"$13,990 ","$25,368 ","$41,825 ","$25,479 ",Carroll,"Carroll County, Illinois"
"$67,253 ","$107,100 ","$168,406 ","$98,481 ",La Salle,"LaSalle County, Illinois"
"$29,642 ","$46,406 ","$67,832 ","$33,806 ",Lee,"Lee County, Illinois"
"$4,486 ","$6,779 ","$10,013 ","$5,190 ",Bureau,"Bureau County, Illinois"
,,$739 ,"$1,256 ",Bureau,"Bureau County, Illinois"
"$4,208 ","$5,880 ","$8,001 ","$4,907 ",Bureau,"Bureau County, Illinois"
"$3,825 ","$7,565 ","$13,142 ","$9,579 ",Livingston,"Livingston County, Illinois"
"$4,934 ","$9,865 ","$10,682 ","$5,907 ",Bureau,"Bureau County, Illinois"
"$9,767 ","$18,555 ","$23,355 ","$13,585 ",La Salle,"LaSalle County, Illinois"
"$26,286 ","$38,982 ","$54,833 ","$30,313 ",Putnam,"Putnam County, Illinois"
,"$7,673 ","$19,957 ","$13,868 ",Lake,"Lake County, Illinois"
"$4,457 ","$6,360 ","$7,801 ","$4,284 ",Putnam,"Putnam County, Illinois"
"$10,523 ","$16,958 ","$26,825 ","$14,316 ",Bureau,"Bureau County, Illinois"
"$6,761 ","$7,920 ","$16,786 ","$8,849 ",Bureau,"Bureau County, Illinois"
,"$1,045 ","$5,598 ","$2,836 ",Putnam,"Putnam County, Illinois"
"$54,351 ","$90,007 ","$126,068 ","$77,482 ",La Salle,"LaSalle County, Illinois"
"$67,744 ","$110,936 ","$171,216 ","$88,586 ",La Salle,"LaSalle County, Illinois"
$112 ,"$4,017 ","$9,245 ","$4,773 ",Bureau,"Bureau County, Illinois"
"$30,454 ","$42,019 ","$69,883 ","$38,905 ",La Salle,"LaSalle County, Illinois"
$606 ,"$6,790 ","$6,616 ","$3,776 ",Bureau,"Bureau County, Illinois"
"$221,386 ","$365,341 ","$581,125 ","$316,233 ",La Salle,"LaSalle County, Illinois"
"$412,641 ","$569,805 ","$897,377 ","$513,862 ",Cook,"Cook County, Illinois"
"$6,823 ","$14,340 ","$18,728 ","$10,914 ",Lee,"Lee County, Illinois"
"$148,280 ","$228,415 ","$348,204 ","$185,420 ",La Salle,"LaSalle County, Illinois"
"$108,319 ","$148,165 ","$236,955 ","$130,484 ",Bureau,"Bureau County, Illinois"
,,,$734 ,La Salle,"LaSalle County, Illinois"
"$42,671 ","$70,422 ","$112,539 ","$63,880 ",La Salle,"LaSalle County, Illinois"
"$8,324 ","$13,020 ","$20,072 ","$15,047 ",Bureau,"Bureau County, Illinois"
"$67,356 ","$87,825 ","$136,021 ","$77,023 ",Bureau,"Bureau County, Illinois"
"$150,840 ","$256,537 ","$365,837 ","$204,605 ",La Salle,"LaSalle County, Illinois"
"$17,092 ","$28,702 ","$39,355 ","$22,164 ",Lee,"Lee County, Illinois"
"$4,932 ","$8,343 ","$7,544 ","$3,174 ",Bureau,"Bureau County, Illinois"
"$273,930 ","$415,065 ","$680,267 ","$378,483 ",Cook,"Cook County, Illinois"
"$13,313 ","$22,779 ","$29,214 ","$16,639 ",Marshall,"Marshall County, Illinois"
"$5,399 ","$12,411 ","$16,402 ","$9,613 ",La Salle,"LaSalle County, Illinois"
"$35,160 ","$50,790 ","$89,035 ","$51,398 ",La Salle,"LaSalle County, Illinois"
"$4,439 ","$9,073 ","$12,311 ","$6,094 ",Marshall,"Marshall County, Illinois"
"$8,662 ","$12,334 ","$21,666 ","$12,139 ",Bureau,"Bureau County, Illinois"
"$18,823 ","$33,208 ","$47,297 ","$21,275 ",Marshall,"Marshall County, Illinois"
"$3,287 ","$8,221 ","$9,456 ","$4,414 ",Bureau,"Bureau County, Illinois"
"$231,748 ","$330,421 ","$498,895 ","$291,894 ",Knox,"Knox County, Illinois"
"$27,321 ","$38,267 ","$61,114 ","$38,953 ",Knox,"Knox County, Illinois"
"$5,299 ","$7,339 ","$12,240 ","$7,222 ",Mercer,"Mercer County, Illinois"
"$4,584 ","$7,603 ","$10,535 ","$6,658 ",Mcdonough,"McDonough County, Illinois"
"$7,311 ","$11,335 ","$19,821 ","$10,838 ",Henry,"Henry County, Illinois"
"$2,826 ","$4,587 ","$8,777 ","$4,700 ",Knox,"Knox County, Illinois"
"$7,303 ","$10,900 ","$20,485 ","$12,619 ",Fulton,"Fulton County, Illinois"
"$2,108 ","$4,752 ","$6,813 ","$3,537 ",Henderson,"Henderson County, Illinois"
"$22,634 ","$35,399 ","$52,811 ","$27,905 ",Mcdonough,"McDonough County, Illinois"
"$5,445 ","$7,338 ","$11,470 ","$5,804 ",Stark,"Stark County, Illinois"
"$3,553 ","$4,843 ","$6,597 ","$2,522 ",Mcdonough,"McDonough County, Illinois"
"$29,512 ","$42,093 ","$58,009 ","$36,745 ",Henderson,"Henderson County, Illinois"
"$7,464 ","$13,624 ","$24,189 ","$15,828 ",Fulton,"Fulton County, Illinois"
,$440 ,"$2,926 ",$895 ,Knox,"Knox County, Illinois"
"$209,150 ","$332,771 ","$495,816 ","$268,366 ",Cook,"Cook County, Illinois"
"$188,786 ","$351,999 ","$465,674 ","$207,554 ",Lake,"Lake County, Illinois"
"$4,168 ","$8,210 ","$16,301 ","$10,633 ",Fulton,"Fulton County, Illinois"
"$2,302 ","$2,336 ","$3,770 ","$2,414 ",Fulton,"Fulton County, Illinois"
"$20,703 ","$44,160 ","$58,310 ","$37,794 ",Henry,"Henry County, Illinois"
"$2,516 ","$3,989 ","$6,665 ","$4,208 ",Mcdonough,"McDonough County, Illinois"
"$86,918 ","$132,573 ","$205,692 ","$116,004 ",Mcdonough,"McDonough County, Illinois"
,,,"$1,857 ",Fulton,"Fulton County, Illinois"
"$3,034 ","$4,848 ","$8,527 ","$4,471 ",Mercer,"Mercer County, Illinois"
"$99,775 ","$145,019 ","$207,773 ","$121,288 ",Henry,"Henry County, Illinois"
"$19,810 ","$29,104 ","$49,351 ","$27,977 ",Knox,"Knox County, Illinois"
"$8,130 ","$10,065 ","$13,930 ","$7,757 ",Hancock,"Hancock County, Illinois"
"$124,394 ","$181,415 ","$297,009 ","$164,760 ",Lake,"Lake County, Illinois"
"$6,150 ","$11,490 ","$14,918 ","$8,115 ",Mcdonough,"McDonough County, Illinois"
"$88,425 ","$116,441 ","$194,865 ","$112,588 ",Warren,"Warren County, Illinois"
"$4,799 ","$6,048 ","$10,488 ","$6,171 ",Mercer,"Mercer County, Illinois"
,,,"$2,961 ",Knox,"Knox County, Illinois"
"$14,404 ","$27,794 ","$39,377 ","$21,982 ",Henderson,"Henderson County, Illinois"
"$4,845 ","$11,303 ","$16,219 ","$9,637 ",Warren,"Warren County, Illinois"
"$4,646 ","$8,211 ","$12,327 ","$6,267 ",Henderson,"Henderson County, Illinois"
,,,"$2,368 ",Fulton,"Fulton County, Illinois"
"$3,703 ","$7,360 ","$11,586 ","$6,826 ",Stark,"Stark County, Illinois"
,,,$35 ,Fulton,"Fulton County, Illinois"
"$424,600 ","$633,835 ","$1,058,932 ","$565,457 ",Lake,"Lake County, Illinois"
"$16,790 ","$26,269 ","$41,557 ","$21,288 ",Mercer,"Mercer County, Illinois"
"$7,862 ","$14,567 ","$23,000 ","$14,050 ",Knox,"Knox County, Illinois"
"$2,193 ","$3,199 ","$6,573 ","$3,289 ",Knox,"Knox County, Illinois"
"$13,452 ","$19,845 ","$27,833 ","$14,444 ",Henry,"Henry County, Illinois"
"$6,990 ","$13,533 ","$20,427 ","$9,069 ",Stark,"Stark County, Illinois"
"$7,470 ","$10,043 ","$19,198 ","$8,498 ",Fulton,"Fulton County, Illinois"
"$11,533 ","$16,770 ","$32,208 ","$17,275 ",Peoria,"Peoria County, Illinois"
"$90,201 ","$152,163 ","$223,661 ","$127,553 ",Fulton,"Fulton County, Illinois"
"$62,277 ","$101,968 ","$146,342 ","$83,977 ",Peoria,"Peoria County, Illinois"
"$26,375 ","$46,584 ","$89,995 ","$49,255 ",Peoria,"Peoria County, Illinois"
"$327,816 ","$469,672 ","$713,703 ","$405,354 ",Lake,"Lake County, Illinois"
"$13,549 ","$19,844 ","$36,936 ","$18,961 ",Peoria,"Peoria County, Illinois"
"$8,990 ","$17,564 ","$26,910 ","$15,959 ",Peoria,"Peoria County, Illinois"
"$23,468 ","$41,306 ","$56,689 ","$32,709 ",Woodford,"Woodford County, Illinois"
"$21,344 ","$37,568 ","$59,478 ","$34,319 ",Fulton,"Fulton County, Illinois"
,$271 ,,,Mason,"Mason County, Illinois"
"$6,289 ","$11,917 ","$16,783 ","$10,707 ",Peoria,"Peoria County, Illinois"
"$3,909 ","$11,395 ","$12,731 ","$7,327 ",Tazewell,"Tazewell County, Illinois"
"$6,230 ","$12,780 ","$19,975 ","$10,207 ",Tazewell,"Tazewell County, Illinois"
"$12,518 ","$20,784 ","$30,367 ","$17,559 ",Peoria,"Peoria County, Illinois"
"$20,651 ","$30,501 ","$44,484 ","$21,233 ",Marshall,"Marshall County, Illinois"
"$393,369 ","$586,946 ","$937,720 ","$488,590 ",Lake,"Lake County, Illinois"
,$627 ,"$1,058 ",$37 ,Peoria,"Peoria County, Illinois"
"$28,580 ","$41,345 ","$57,925 ","$27,952 ",Marshall,"Marshall County, Illinois"
"$18,007 ","$32,558 ","$46,539 ","$28,313 ",Fulton,"Fulton County, Illinois"
"$16,233 ","$26,581 ","$38,395 ","$20,233 ",Mason,"Mason County, Illinois"
"$14,326 ","$21,762 ","$38,088 ","$21,903 ",Peoria,"Peoria County, Illinois"
"$41,662 ","$68,346 ","$112,026 ","$60,334 ",Woodford,"Woodford County, Illinois"
"$77,636 ","$129,503 ","$209,438 ","$111,376 ",Tazewell,"Tazewell County, Illinois"
"$6,009 ","$8,653 ","$13,314 ","$6,947 ",Peoria,"Peoria County, Illinois"
"$266,017 ","$417,484 ","$566,367 ","$316,337 ",Tazewell,"Tazewell County, Illinois"
"$12,344 ","$18,706 ","$29,278 ","$17,182 ",Peoria,"Peoria County, Illinois"
"$149,517 ","$240,726 ","$401,470 ","$216,914 ",Cook,"Cook County, Illinois"
"$7,141 ","$14,184 ","$21,204 ","$11,154 ",Woodford,"Woodford County, Illinois"
"$3,646 ","$8,096 ","$11,139 ","$5,863 ",Fulton,"Fulton County, Illinois"
"$3,187 ","$10,396 ","$12,702 ","$8,309 ",Tazewell,"Tazewell County, Illinois"
"$14,765 ","$26,695 ","$41,039 ","$20,764 ",Tazewell,"Tazewell County, Illinois"
"$9,560 ","$15,833 ","$18,221 ","$10,867 ",Marshall,"Marshall County, Illinois"
"$73,799 ","$116,799 ","$195,565 ","$103,645 ",Tazewell,"Tazewell County, Illinois"
,,"$2,500 ","$2,435 ",Knox,"Knox County, Illinois"
"$11,781 ","$15,776 ","$28,453 ","$12,080 ",Peoria,"Peoria County, Illinois"
"$70,878 ","$97,517 ","$144,465 ","$73,133 ",Peoria,"Peoria County, Illinois"
"$200,597 ","$283,305 ","$415,034 ","$238,471 ",Peoria,"Peoria County, Illinois"
"$161,505 ","$247,262 ","$411,227 ","$235,713 ",Cook,"Cook County, Illinois"
"$17,010 ","$22,861 ","$26,671 ","$12,777 ",Peoria,"Peoria County, Illinois"
"$10,473 ","$15,618 ","$24,597 ","$14,276 ",Peoria,"Peoria County, Illinois"
"$89,910 ","$143,016 ","$214,624 ","$119,077 ",Peoria,"Peoria County, Illinois"
"$48,144 ","$66,932 ","$92,847 ","$52,775 ",Tazewell,"Tazewell County, Illinois"
"$288,428 ","$404,108 ","$613,059 ","$344,576 ",Tazewell,"Tazewell County, Illinois"
"$153,513 ","$244,364 ","$401,643 ","$218,998 ",Peoria,"Peoria County, Illinois"
"$176,956 ","$261,910 ","$421,627 ","$233,957 ",Peoria,"Peoria County, Illinois"
"$69,030 ","$87,228 ","$138,702 ","$68,807 ",Peoria,"Peoria County, Illinois"
$257 ,$297 ,,,Mchenry,"McHenry County, Illinois"
"$88,177 ","$138,193 ","$216,013 ","$124,371 ",Mchenry,"McHenry County, Illinois"
"$78,348 ","$146,803 ","$250,584 ","$116,621 ",Cook,"Cook County, Illinois"
"$8,689 ","$16,042 ","$21,747 ","$12,749 ",Logan,"Logan County, Illinois"
"$8,750 ","$10,864 ","$16,351 ","$8,707 ",Mchenry,"McHenry County, Illinois"
"$63,413 ","$94,869 ","$164,470 ","$82,335 ",Mchenry,"McHenry County, Illinois"
"$94,517 ","$154,591 ","$215,547 ","$107,748 ",Mchenry,"McHenry County, Illinois"
"$14,007 ","$17,565 ","$30,525 ","$17,690 ",Mchenry,"McHenry County, Illinois"
"$349,391 ","$547,256 ","$879,434 ","$482,203 ",Mchenry,"McHenry County, Illinois"
"$3,876 ","$7,528 ","$10,516 ","$6,288 ",Tazewell,"Tazewell County, Illinois"
"$9,308 ","$17,209 ","$26,125 ","$15,927 ",Tazewell,"Tazewell County, Illinois"
"$108,115 ","$175,252 ","$274,979 ","$140,284 ",Mchenry,"McHenry County, Illinois"
"$33,102 ","$45,889 ","$83,526 ","$47,401 ",Woodford,"Woodford County, Illinois"
"$117,395 ","$171,208 ","$248,277 ","$136,549 ",Lake,"Lake County, Illinois"
"$18,441 ","$34,854 ","$58,211 ","$32,822 ",Livingston,"Livingston County, Illinois"
"$4,385 ","$13,219 ","$23,580 ","$13,565 ",Livingston,"Livingston County, Illinois"
"$8,108 ","$11,669 ","$16,274 ","$9,047 ",Livingston,"Livingston County, Illinois"
"$11,887 ","$17,653 ","$27,062 ","$14,592 ",Woodford,"Woodford County, Illinois"
"$107,270 ","$161,022 ","$227,367 ","$122,278 ",Mchenry,"McHenry County, Illinois"
"$18,050 ","$36,032 ","$75,356 ","$48,360 ",Mchenry,"McHenry County, Illinois"
"$3,471 ","$8,858 ","$15,183 ","$7,278 ",Tazewell,"Tazewell County, Illinois"
"$54,277 ","$86,651 ","$126,853 ","$67,024 ",Mchenry,"McHenry County, Illinois"
"$215,394 ","$321,825 ","$522,808 ","$290,213 ",Mchenry,"McHenry County, Illinois"
"$446,717 ","$659,249 ","$1,031,864 ","$524,619 ",Mchenry,"McHenry County, Illinois"
"$10,890 ","$16,060 ","$18,500 ","$9,174 ",Mchenry,"McHenry County, Illinois"
"$160,981 ","$249,320 ","$421,814 ","$222,123 ",Mchenry,"McHenry County, Illinois"
"$5,693 ","$11,011 ","$23,470 ","$12,583 ",Tazewell,"Tazewell County, Illinois"
"$11,605 ","$17,392 ","$25,700 ","$14,557 ",Macon,"Macon County, Illinois"
"$9,569 ","$14,389 ","$23,144 ","$10,468 ",Tazewell,"Tazewell County, Illinois"
"$20,463 ","$27,991 ","$42,240 ","$24,098 ",Woodford,"Woodford County, Illinois"
"$199,219 ","$295,286 ","$489,971 ","$262,247 ",Mchenry,"McHenry County, Illinois"
"$117,212 ","$160,610 ","$246,541 ","$137,265 ",Livingston,"Livingston County, Illinois"
"$6,966 ","$13,472 ","$19,638 ","$10,184 ",Livingston,"Livingston County, Illinois"
"$358,101 ","$538,638 ","$883,508 ","$459,904 ",Mchenry,"McHenry County, Illinois"
"$2,786 ","$7,993 ","$9,124 ","$5,649 ",Ford,"Ford County, Illinois"
"$128,248 ","$183,911 ","$335,164 ","$188,407 ",Lake,"Lake County, Illinois"
"$83,830 ","$145,571 ","$231,398 ","$123,709 ",Mchenry,"McHenry County, Illinois"
"$253,122 ","$393,970 ","$597,420 ","$331,157 ",Mclean,"McLean County, Illinois"
"$223,557 ","$374,906 ","$615,970 ","$326,216 ",Mclean,"McLean County, Illinois"
"$92,439 ","$135,448 ","$187,133 ","$100,950 ",Champaign,"Champaign County, Illinois"
"$126,313 ","$187,024 ","$272,388 ","$155,023 ",Champaign,"Champaign County, Illinois"
,"$1,171 ","$1,309 ",,Vermilion,"Vermilion County, Illinois"
"$11,397 ","$16,886 ","$23,868 ","$12,315 ",Piatt,"Piatt County, Illinois"
"$11,601 ","$18,570 ","$31,732 ","$20,668 ",Vermilion,"Vermilion County, Illinois"
"$5,731 ","$11,445 ","$16,646 ","$9,147 ",Piatt,"Piatt County, Illinois"
"$138,623 ","$194,689 ","$316,429 ","$169,838 ",Champaign,"Champaign County, Illinois"
"$228,301 ","$330,323 ","$504,026 ","$279,505 ",Champaign,"Champaign County, Illinois"
"$231,851 ","$295,448 ","$467,545 ","$268,531 ",Lake,"Lake County, Illinois"
"$54,700 ","$88,855 ","$154,625 ","$89,588 ",Champaign,"Champaign County, Illinois"
"$288,632 ","$435,145 ","$627,972 ","$347,037 ",Vermilion,"Vermilion County, Illinois"
"$28,850 ","$61,508 ","$99,044 ","$59,534 ",Vermilion,"Vermilion County, Illinois"
"$40,208 ","$53,138 ","$92,709 ","$52,719 ",Vermilion,"Vermilion County, Illinois"
"$4,306 ","$6,413 ","$8,861 ","$4,460 ",Piatt,"Piatt County, Illinois"
"$4,093 ","$8,338 ","$14,765 ","$8,792 ",Vermilion,"Vermilion County, Illinois"
"$8,764 ","$15,165 ","$21,998 ","$9,602 ",Mclean,"McLean County, Illinois"
"$14,381 ","$21,109 ","$29,988 ","$16,706 ",Champaign,"Champaign County, Illinois"
"$20,992 ","$33,793 ","$52,391 ","$31,133 ",Vermilion,"Vermilion County, Illinois"
"$16,742 ","$23,010 ","$27,835 ","$15,496 ",Champaign,"Champaign County, Illinois"
"$490,671 ","$709,342 ","$1,166,297 ","$616,681 ",Dupage,"Dupage County, Illinois"
"$10,741 ","$20,952 ","$28,525 ","$15,813 ",Champaign,"Champaign County, Illinois"
"$71,885 ","$105,078 ","$173,872 ","$94,443 ",Champaign,"Champaign County, Illinois"
"$4,805 ","$6,639 ","$13,459 ","$7,698 ",Piatt,"Piatt County, Illinois"
"$41,132 ","$55,432 ","$130,030 ","$77,608 ",Piatt,"Piatt County, Illinois"
"$30,261 ","$49,821 ","$65,698 ","$43,308 ",Vermilion,"Vermilion County, Illinois"
"$9,920 ","$15,042 ","$26,486 ","$12,981 ",Champaign,"Champaign County, Illinois"
"$1,706 ","$4,044 ",$157 ,,Champaign,"Champaign County, Illinois"
"$8,495 ","$20,809 ","$35,106 ","$16,203 ",Champaign,"Champaign County, Illinois"
"$9,289 ","$15,773 ","$16,400 ","$9,503 ",Vermilion,"Vermilion County, Illinois"
"$95,829 ","$125,102 ","$173,882 ","$101,057 ",Champaign,"Champaign County, Illinois"
"$18,523 ","$30,859 ","$48,002 ","$25,876 ",Mclean,"McLean County, Illinois"
"$5,330 ","$8,460 ","$11,538 ","$8,935 ",Vermilion,"Vermilion County, Illinois"
"$25,255 ","$44,427 ","$65,560 ","$34,065 ",Champaign,"Champaign County, Illinois"
"$64,048 ","$94,187 ","$160,533 ","$91,530 ",Champaign,"Champaign County, Illinois"
"$5,522 ","$10,205 ","$13,190 ","$9,102 ",Vermilion,"Vermilion County, Illinois"
"$7,236 ","$13,047 ","$17,392 ","$9,820 ",Champaign,"Champaign County, Illinois"
"$9,229 ","$14,495 ","$23,451 ","$10,951 ",Champaign,"Champaign County, Illinois"
"$17,742 ","$26,221 ","$50,966 ","$28,998 ",Champaign,"Champaign County, Illinois"
"$27,687 ","$48,783 ","$76,006 ","$47,151 ",Vermilion,"Vermilion County, Illinois"
"$24,278 ","$38,062 ","$61,409 ","$32,695 ",Douglas,"Douglas County, Illinois"
"$7,417 ","$10,122 ","$16,659 ","$6,851 ",Douglas,"Douglas County, Illinois"
"$312,681 ","$455,844 ","$734,120 ","$377,883 ",Dupage,"Dupage County, Illinois"
"$9,697 ","$13,012 ","$21,008 ","$11,242 ",Coles,"Coles County, Illinois"
"$8,372 ","$14,980 ","$19,688 ","$9,760 ",Douglas,"Douglas County, Illinois"
"$4,128 ","$6,489 ","$11,348 ","$6,591 ",Moultrie,"Moultrie County, Illinois"
,$269 ,"$4,431 ","$3,684 ",Douglas,"Douglas County, Illinois"
"$76,730 ","$122,867 ","$189,169 ","$99,218 ",Coles,"Coles County, Illinois"
"$8,504 ","$13,937 ","$20,763 ","$11,790 ",Edgar,"Edgar County, Illinois"
,"$1,224 ",$549 ,,Moultrie,"Moultrie County, Illinois"
"$9,227 ","$9,280 ","$10,129 ","$6,543 ",Piatt,"Piatt County, Illinois"
,,"$2,372 ","$2,364 ",Douglas,"Douglas County, Illinois"
"$5,661 ","$9,731 ","$17,247 ","$7,624 ",Edgar,"Edgar County, Illinois"
"$141,901 ","$193,345 ","$277,737 ","$168,889 ",Cook,"Cook County, Illinois"
"$5,289 ","$9,578 ","$13,943 ","$6,708 ",Moultrie,"Moultrie County, Illinois"
"$152,171 ","$239,173 ","$351,225 ","$187,689 ",Coles,"Coles County, Illinois"
"$6,247 ","$9,381 ","$19,787 ","$11,093 ",Douglas,"Douglas County, Illinois"
"$5,062 ","$7,962 ","$14,212 ","$6,683 ",Coles,"Coles County, Illinois"
"$103,046 ","$159,613 ","$223,143 ","$130,794 ",Edgar,"Edgar County, Illinois"
"$29,822 ","$46,368 ","$76,676 ","$41,474 ",Moultrie,"Moultrie County, Illinois"
"$46,071 ","$72,440 ","$113,446 ","$60,896 ",Douglas,"Douglas County, Illinois"
"$12,188 ","$20,148 ","$36,844 ","$19,489 ",Douglas,"Douglas County, Illinois"
"$7,411 ","$12,231 ","$15,740 ","$8,862 ",Shelby,"Shelby County, Illinois"
"$7,756 ","$12,711 ","$22,391 ","$14,196 ",Madison,"Madison County, Illinois"
"$364,881 ","$547,715 ","$872,087 ","$462,557 ",Dupage,"Dupage County, Illinois"
"$193,768 ","$269,503 ","$421,641 ","$257,166 ",Madison,"Madison County, Illinois"
"$25,940 ","$38,199 ","$48,858 ","$30,998 ",Macoupin,"Macoupin County, Illinois"
"$125,204 ","$174,398 ","$255,832 ","$159,390 ",Madison,"Madison County, Illinois"
"$29,444 ","$38,586 ","$64,431 ","$37,301 ",Macoupin,"Macoupin County, Illinois"
$189 ,"$7,660 ","$12,123 ","$9,309 ",Calhoun,"Calhoun County, Illinois"
"$23,271 ","$36,226 ","$56,413 ","$34,353 ",Macoupin,"Macoupin County, Illinois"
"$20,575 ","$33,506 ","$53,119 ","$36,012 ",Greene,"Greene County, Illinois"
"$6,893 ","$11,436 ","$16,656 ","$9,395 ",Montgomery,"Montgomery County, Illinois"
"$19,619 ","$22,634 ","$27,881 ","$17,238 ",Madison,"Madison County, Illinois"
,,"$10,070 ","$5,091 ",Montgomery,"Montgomery County, Illinois"
"$381,504 ","$556,415 ","$904,272 ","$474,529 ",Cook,"Cook County, Illinois"
"$91,872 ","$134,987 ","$187,433 ","$114,522 ",Madison,"Madison County, Illinois"
"$254,551 ","$382,271 ","$625,242 ","$366,732 ",Madison,"Madison County, Illinois"
"$2,773 ","$2,094 ","$2,517 ","$3,692 ",Jersey,"Jersey County, Illinois"
"$24,627 ","$39,954 ","$60,976 ","$37,474 ",Macoupin,"Macoupin County, Illinois"
"$79,598 ","$110,431 ","$155,910 ","$89,899 ",Madison,"Madison County, Illinois"
"$179,217 ","$266,089 ","$410,020 ","$251,910 ",Madison,"Madison County, Illinois"
"$19,984 ","$30,623 ","$42,451 ","$27,159 ",Jersey,"Jersey County, Illinois"
"$466,264 ","$677,887 ","$1,017,621 ","$606,707 ",Madison,"Madison County, Illinois"
"$4,815 ","$11,381 ","$17,355 ","$11,653 ",Greene,"Greene County, Illinois"
"$21,836 ","$31,777 ","$60,244 ","$34,457 ",Madison,"Madison County, Illinois"
"$316,069 ","$477,056 ","$754,264 ","$429,103 ",Dupage,"Dupage County, Illinois"
"$7,040 ","$12,003 ","$18,597 ","$14,502 ",Calhoun,"Calhoun County, Illinois"
"$40,194 ","$59,424 ","$87,447 ","$52,649 ",Madison,"Madison County, Illinois"
"$51,175 ","$77,072 ","$118,177 ","$70,383 ",Montgomery,"Montgomery County, Illinois"
"$2,157 ","$4,477 ","$6,866 ","$4,279 ",Montgomery,"Montgomery County, Illinois"
"$84,123 ","$127,175 ","$210,518 ","$124,597 ",Jersey,"Jersey County, Illinois"
"$6,765 ","$9,639 ","$13,675 ",,Calhoun,"Calhoun County, Illinois"
"$90,843 ","$123,164 ","$203,285 ","$128,843 ",Montgomery,"Montgomery County, Illinois"
"$12,321 ","$18,743 ","$3,624 ","$12,200 ",Madison,"Madison County, Illinois"
"$60,363 ","$79,037 ","$102,127 ","$61,690 ",Madison,"Madison County, Illinois"
"$13,133 ","$18,637 ","$31,790 ","$18,062 ",Madison,"Madison County, Illinois"
"$16,279 ","$21,308 ","$30,902 ","$15,185 ",Kane,"Kane County, Illinois"
"$14,492 ","$43,170 ","$90,390 ","$56,108 ",Madison,"Madison County, Illinois"
"$8,360 ","$8,532 ","$11,832 ","$8,246 ",Jersey,"Jersey County, Illinois"
"$19,681 ","$29,466 ","$40,723 ","$27,388 ",Macoupin,"Macoupin County, Illinois"
"$10,212 ","$21,884 ","$28,847 ","$18,402 ",Montgomery,"Montgomery County, Illinois"
,,$43 ,"$5,194 ",Montgomery,"Montgomery County, Illinois"
"$6,411 ","$11,840 ","$23,368 ","$16,092 ",Fayette,"Fayette County, Illinois"
"$13,922 ","$24,867 ","$28,867 ","$18,536 ",Greene,"Greene County, Illinois"
$76 ,"$3,693 ",,,Bond,"Bond County, Illinois"
"$11,061 ","$12,784 ","$27,578 ","$15,640 ",Madison,"Madison County, Illinois"
"$43,545 ","$81,268 ","$129,122 ","$77,861 ",Macoupin,"Macoupin County, Illinois"
"$7,445 ","$13,104 ","$16,389 ","$8,123 ",Mclean,"McLean County, Illinois"
"$245,477 ","$351,078 ","$561,233 ","$283,682 ",Kane,"Kane County, Illinois"
"$14,298 ","$26,503 ","$33,967 ","$23,470 ",Greene,"Greene County, Illinois"
"$4,097 ","$6,814 ","$8,222 ","$5,435 ",Macoupin,"Macoupin County, Illinois"
"$2,467 ","$4,685 ","$7,413 ","$4,949 ",Montgomery,"Montgomery County, Illinois"
"$135,506 ","$163,005 ","$252,256 ","$143,849 ",Madison,"Madison County, Illinois"
"$4,875 ","$6,379 ",,,Madison,"Madison County, Illinois"
"$6,729 ","$11,987 ","$18,130 ","$10,598 ",Mclean,"McLean County, Illinois"
,$793 ,"$11,438 ","$7,249 ",Mclean,"McLean County, Illinois"
"$10,633 ","$19,055 ","$30,385 ","$15,485 ",Mclean,"McLean County, Illinois"
"$14,819 ","$22,995 ","$39,106 ","$20,460 ",Mclean,"McLean County, Illinois"
"$7,662 ","$15,608 ","$27,493 ","$15,910 ",Mclean,"McLean County, Illinois"
"$36,468 ","$58,623 ","$90,602 ","$50,345 ",Mclean,"McLean County, Illinois"
"$14,101 ","$22,518 ","$37,680 ","$17,692 ",Mclean,"McLean County, Illinois"
"$12,804 ","$33,317 ","$48,147 ","$28,665 ",Mclean,"McLean County, Illinois"
"$8,646 ","$15,311 ","$24,202 ","$14,103 ",Clinton,"Clinton County, Illinois"
"$7,109 ","$13,353 ","$21,626 ","$13,853 ",Clinton,"Clinton County, Illinois"
"$9,181 ","$14,104 ","$21,873 ","$11,624 ",Randolph,"Randolph County, Illinois"
"$3,721 ","$8,395 ","$21,345 ","$16,269 ",Clinton,"Clinton County, Illinois"
"$2,951 ","$7,054 ","$17,390 ","$8,450 ",Clinton,"Clinton County, Illinois"
"$213,947 ","$396,239 ","$609,578 ","$313,504 ",Mclean,"McLean County, Illinois"
"$4,308 ","$8,663 ","$9,731 ","$5,281 ",Mclean,"McLean County, Illinois"
"$5,725 ","$8,844 ","$15,376 ","$8,634 ",Mclean,"McLean County, Illinois"
"$7,469 ","$14,478 ","$26,513 ","$14,367 ",Ogle,"Ogle County, Illinois"
"$170,013 ","$233,329 ","$327,230 ","$188,924 ",Saint Clair,"St. Clair County, Illinois"
"$41,185 ","$61,152 ","$117,105 ","$71,759 ",Clinton,"Clinton County, Illinois"
"$30,515 ","$49,637 ","$84,622 ","$50,100 ",Clinton,"Clinton County, Illinois"
"$10,895 ","$15,457 ","$26,191 ","$17,514 ",Saint Clair,"St. Clair County, Illinois"
"$58,513 ","$93,602 ","$136,772 ","$81,372 ",Randolph,"Randolph County, Illinois"
"$288,918 ","$404,821 ","$634,671 ","$385,519 ",Madison,"Madison County, Illinois"
"$158,632 ","$223,817 ","$335,653 ","$207,335 ",Monroe,"Monroe County, Illinois"
"$22,815 ","$28,795 ","$38,298 ","$22,952 ",Randolph,"Randolph County, Illinois"
"$13,579 ","$16,187 ","$27,827 ","$16,551 ",Saint Clair,"St. Clair County, Illinois"
"$27,423 ","$40,917 ","$59,263 ","$35,606 ",Saint Clair,"St. Clair County, Illinois"
"$110,446 ","$151,997 ","$225,530 ","$135,677 ",Saint Clair,"St. Clair County, Illinois"
"$9,818 ","$15,924 ","$40,300 ","$22,157 ",Clinton,"Clinton County, Illinois"
"$67,991 ","$102,360 ","$162,024 ","$100,331 ",Bond,"Bond County, Illinois"
"$124,845 ","$170,380 ","$281,713 ","$168,450 ",Madison,"Madison County, Illinois"
$638 ,"$6,638 ","$9,875 ","$6,951 ",Clinton,"Clinton County, Illinois"
"$3,616 ","$11,625 ","$12,047 ","$2,564 ",Clinton,"Clinton County, Illinois"
"$17,070 ","$29,889 ","$63,446 ","$40,819 ",Saint Clair,"St. Clair County, Illinois"
"$229,684 ","$317,955 ","$490,098 ","$302,139 ",Saint Clair,"St. Clair County, Illinois"
"$131,830 ","$186,047 ","$278,734 ","$165,332 ",Saint Clair,"St. Clair County, Illinois"
"$222,041 ","$312,542 ","$515,898 ","$312,317 ",Saint Clair,"St. Clair County, Illinois"
"$4,991 ","$7,380 ","$14,514 ","$8,857 ",Bond,"Bond County, Illinois"
"$240,462 ","$367,622 ","$603,431 ","$327,355 ",Kane,"Kane County, Illinois"
"$75,187 ","$107,746 ","$167,013 ","$105,501 ",Washington,"Washington County, Illinois"
"$161,017 ","$242,735 ","$371,830 ","$220,893 ",Saint Clair,"St. Clair County, Illinois"
"$37,066 ","$56,108 ","$91,222 ","$49,099 ",Clinton,"Clinton County, Illinois"
,$542 ,"$6,293 ","$2,185 ",Washington,"Washington County, Illinois"
"$193,289 ","$287,230 ","$461,083 ","$285,196 ",Saint Clair,"St. Clair County, Illinois"
"$30,201 ","$37,484 ","$61,534 ","$36,894 ",Washington,"Washington County, Illinois"
"$38,023 ","$57,042 ","$93,381 ","$54,013 ",Perry,"Perry County, Illinois"
"$7,134 ","$18,572 ","$43,188 ","$22,830 ",Bond,"Bond County, Illinois"
"$3,841 ","$8,475 ","$15,872 ","$10,377 ",Randolph,"Randolph County, Illinois"
"$36,429 ","$67,044 ","$138,212 ","$84,378 ",Randolph,"Randolph County, Illinois"
"$53,030 ","$75,026 ","$109,081 ","$54,761 ",Kane,"Kane County, Illinois"
"$7,194 ","$19,114 ","$20,531 ","$12,508 ",Madison,"Madison County, Illinois"
"$90,473 ","$115,312 ","$163,299 ","$95,662 ",Saint Clair,"St. Clair County, Illinois"
"$3,163 ","$3,807 ","$7,603 ","$4,599 ",Bond,"Bond County, Illinois"
"$27,907 ","$35,932 ","$59,426 ","$37,710 ",Saint Clair,"St. Clair County, Illinois"
"$67,065 ","$69,774 ","$101,819 ","$58,215 ",Randolph,"Randolph County, Illinois"
"$26,000 ","$40,928 ","$65,641 ","$35,059 ",Randolph,"Randolph County, Illinois"
"$57,765 ","$86,535 ","$115,475 ","$68,583 ",Saint Clair,"St. Clair County, Illinois"
"$7,815 ","$8,127 ","$12,166 ","$9,835 ",Randolph,"Randolph County, Illinois"
"$28,229 ","$37,700 ","$64,443 ","$46,659 ",Clinton,"Clinton County, Illinois"
"$129,116 ","$184,918 ","$321,528 ","$205,901 ",Madison,"Madison County, Illinois"
"$314,891 ","$453,924 ","$778,018 ","$406,026 ",Kane,"Kane County, Illinois"
$746 ,"$7,464 ","$15,063 ","$8,885 ",Monroe,"Monroe County, Illinois"
"$140,612 ","$208,708 ","$329,536 ","$200,621 ",Monroe,"Monroe County, Illinois"
"$234,999 ","$354,902 ","$567,259 ","$339,544 ",Adams,"Adams County, Illinois"
"$67,403 ","$103,433 ","$166,217 ","$95,097 ",Adams,"Adams County, Illinois"
"$4,163 ","$7,017 ","$9,564 ","$6,496 ",Hancock,"Hancock County, Illinois"
"$20,579 ","$25,842 ","$41,267 ","$23,606 ",Pike,"Pike County, Illinois"
"$3,028 ","$4,811 ","$8,568 ","$4,191 ",Hancock,"Hancock County, Illinois"
"$12,418 ","$20,652 ","$29,490 ","$19,165 ",Adams,"Adams County, Illinois"
"$24,914 ","$37,450 ","$51,526 ","$29,462 ",Hancock,"Hancock County, Illinois"
"$64,753 ","$99,992 ","$176,530 ","$106,002 ",Saint Clair,"St. Clair County, Illinois"
"$444,534 ","$646,592 ","$1,046,478 ","$540,458 ",Kane,"Kane County, Illinois"
"$15,076 ","$24,906 ","$35,796 ","$19,070 ",Hancock,"Hancock County, Illinois"
,$331 ,"$3,906 ","$2,761 ",Adams,"Adams County, Illinois"
"$5,143 ","$10,615 ","$18,927 ","$11,276 ",Pike,"Pike County, Illinois"
"$32,572 ","$42,766 ","$62,610 ","$40,707 ",Hancock,"Hancock County, Illinois"
"$7,894 ","$15,597 ","$22,936 ","$12,482 ",Adams,"Adams County, Illinois"
"$2,374 ","$5,839 ","$8,775 ","$4,669 ",Adams,"Adams County, Illinois"
"$6,386 ","$14,206 ","$18,539 ","$10,110 ",Adams,"Adams County, Illinois"
"$21,112 ","$38,508 ","$56,427 ","$36,035 ",Brown,"Brown County, Illinois"
"$3,689 ","$8,066 ","$12,227 ","$8,595 ",Hancock,"Hancock County, Illinois"
$625 ,"$5,014 ","$6,571 ","$4,111 ",Pike,"Pike County, Illinois"
"$50,286 ","$81,803 ","$164,369 ","$89,669 ",Kane,"Kane County, Illinois"
"$5,310 ","$7,596 ","$12,564 ","$7,031 ",Adams,"Adams County, Illinois"
"$2,211 ","$2,893 ","$5,059 ","$4,477 ",Pike,"Pike County, Illinois"
$854 ,"$1,328 ","$3,497 ","$2,674 ",Pike,"Pike County, Illinois"
"$36,983 ","$51,129 ","$85,393 ","$50,575 ",Pike,"Pike County, Illinois"
"$9,115 ","$14,195 ","$19,266 ","$10,951 ",Pike,"Pike County, Illinois"
"$1,753 ","$2,837 ","$4,857 ","$2,939 ",Hancock,"Hancock County, Illinois"
"$6,662 ","$8,989 ","$12,374 ","$6,016 ",Adams,"Adams County, Illinois"
$417 ,,,,Brown,"Brown County, Illinois"
"$9,811 ","$18,655 ","$24,751 ","$15,703 ",Hancock,"Hancock County, Illinois"
"$224,021 ","$357,193 ","$555,370 ","$323,008 ",Effingham,"Effingham County, Illinois"
"$473,648 ","$724,762 ","$1,138,351 ","$638,753 ",Dupage,"Dupage County, Illinois"
"$5,799 ","$10,213 ","$17,153 ","$10,138 ",Wabash,"Wabash County, Illinois"
"$20,556 ","$36,022 ","$55,799 ","$30,380 ",Effingham,"Effingham County, Illinois"
"$10,808 ","$28,078 ","$35,120 ","$24,042 ",Lawrence,"Lawrence County, Illinois"
,$494 ,"$3,833 ","$2,159 ",Fayette,"Fayette County, Illinois"
"$28,271 ","$52,023 ","$74,548 ","$42,201 ",Clark,"Clark County, Illinois"
,"$4,738 ","$9,924 ","$6,211 ",Richland,"Richland County, Illinois"
"$4,517 ","$8,932 ","$12,161 ","$7,512 ",Shelby,"Shelby County, Illinois"
"$6,802 ","$12,604 ","$16,302 ","$6,782 ",Effingham,"Effingham County, Illinois"
"$4,290 ","$7,877 ","$12,981 ","$6,716 ",Effingham,"Effingham County, Illinois"
"$19,364 ","$34,254 ","$46,546 ","$25,577 ",Cumberland,"Cumberland County, Illinois"
"$35,132 ","$38,582 ","$54,985 ","$30,999 ",Saint Clair,"St. Clair County, Illinois"
"$254,621 ","$359,437 ","$540,721 ","$302,082 ",Cook,"Cook County, Illinois"
"$8,096 ","$12,604 ","$22,635 ","$10,200 ",Crawford,"Crawford County, Illinois"
"$69,297 ","$122,436 ","$174,899 ","$99,687 ",Lawrence,"Lawrence County, Illinois"
"$48,318 ","$70,757 ","$109,671 ","$55,299 ",Clark,"Clark County, Illinois"
"$6,073 ","$14,113 ","$17,660 ","$7,180 ",Clark,"Clark County, Illinois"
"$4,711 ","$7,691 ","$11,921 ","$7,945 ",Effingham,"Effingham County, Illinois"
"$15,407 ","$31,628 ","$45,491 ","$22,102 ",Cumberland,"Cumberland County, Illinois"
"$25,450 ","$49,848 ","$85,384 ","$46,671 ",Jasper,"Jasper County, Illinois"
"$10,947 ","$27,518 ","$32,708 ","$16,389 ",Crawford,"Crawford County, Illinois"
"$84,303 ","$147,132 ","$211,871 ","$117,942 ",Richland,"Richland County, Illinois"
"$9,550 ","$20,769 ","$37,614 ","$19,494 ",Crawford,"Crawford County, Illinois"
"$205,223 ","$301,026 ","$451,945 ","$256,915 ",Cook,"Cook County, Illinois"
"$95,845 ","$160,521 ","$275,306 ","$163,683 ",Crawford,"Crawford County, Illinois"
"$9,853 ","$19,144 ","$31,577 ","$16,682 ",Fayette,"Fayette County, Illinois"
"$2,530 ","$5,578 ","$10,796 ","$6,582 ",Jasper,"Jasper County, Illinois"
"$3,962 ","$6,158 ","$9,536 ","$5,877 ",Shelby,"Shelby County, Illinois"
"$2,293 ","$7,182 ","$10,852 ","$5,048 ",Shelby,"Shelby County, Illinois"
"$6,770 ","$17,418 ","$20,328 ","$11,619 ",Lawrence,"Lawrence County, Illinois"
"$29,424 ","$42,521 ","$62,126 ","$31,527 ",Effingham,"Effingham County, Illinois"
"$9,803 ","$22,750 ","$33,166 ","$16,059 ",Cumberland,"Cumberland County, Illinois"
"$98,882 ","$142,648 ","$213,160 ","$132,310 ",Fayette,"Fayette County, Illinois"
"$7,499 ","$12,275 ","$15,116 ","$7,189 ",Edwards,"Edwards County, Illinois"
"$250,185 ","$351,089 ","$489,368 ","$274,578 ",Cook,"Cook County, Illinois"
"$2,385 ","$5,906 ","$3,699 ",,Clark,"Clark County, Illinois"
"$7,987 ","$9,493 ","$10,534 ","$5,882 ",Macon,"Macon County, Illinois"
"$10,271 ","$17,286 ","$19,069 ","$10,494 ",Christian,"Christian County, Illinois"
"$9,596 ","$14,742 ","$21,334 ","$10,822 ",Macon,"Macon County, Illinois"
"$190,318 ","$308,738 ","$455,827 ","$248,942 ",Macon,"Macon County, Illinois"
"$51,721 ","$72,233 ","$108,413 ","$66,179 ",Macon,"Macon County, Illinois"
"$59,265 ","$85,429 ","$101,060 ","$52,215 ",Macon,"Macon County, Illinois"
"$179,118 ","$276,574 ","$418,336 ","$234,109 ",Macon,"Macon County, Illinois"
"$9,463 ","$14,615 ","$36,170 ","$19,800 ",Sangamon,"Sangamon County, Illinois"
"$7,503 ","$12,375 ","$18,203 ","$10,213 ",Christian,"Christian County, Illinois"
"$191,338 ","$286,998 ","$469,062 ","$251,210 ",Kane,"Kane County, Illinois"
"$10,902 ","$16,426 ","$27,827 ","$14,741 ",Montgomery,"Montgomery County, Illinois"
"$4,066 ","$7,374 ","$9,761 ","$5,238 ",Shelby,"Shelby County, Illinois"
"$19,380 ","$35,427 ","$55,993 ","$31,142 ",Macon,"Macon County, Illinois"
"$9,982 ","$14,776 ","$22,471 ","$12,988 ",Sangamon,"Sangamon County, Illinois"
"$9,036 ","$15,167 ","$26,517 ","$15,657 ",Christian,"Christian County, Illinois"
"$7,825 ","$10,777 ","$16,994 ","$10,751 ",Macon,"Macon County, Illinois"
$881 ,"$3,235 ","$6,544 ","$4,751 ",Sangamon,"Sangamon County, Illinois"
"$3,437 ","$7,184 ","$10,072 ","$5,400 ",Christian,"Christian County, Illinois"
,"$3,265 ","$7,967 ","$5,167 ",Christian,"Christian County, Illinois"
"$8,611 ","$14,053 ","$21,304 ","$11,421 ",Logan,"Logan County, Illinois"
"$73,868 ","$107,246 ","$175,690 ","$116,566 ",Saint Clair,"St. Clair County, Illinois"
"$27,442 ","$44,257 ","$68,105 ","$35,493 ",Macon,"Macon County, Illinois"
"$7,172 ","$15,631 ","$25,740 ","$13,448 ",Christian,"Christian County, Illinois"
,"$1,045 ","$4,515 ","$2,027 ",Macon,"Macon County, Illinois"
$627 ,"$3,080 ","$4,884 ","$3,155 ",Shelby,"Shelby County, Illinois"
"$9,293 ","$12,973 ","$18,829 ","$11,035 ",Macon,"Macon County, Illinois"
"$30,817 ","$63,058 ","$91,973 ","$48,792 ",Christian,"Christian County, Illinois"
"$11,123 ","$19,701 ","$34,277 ","$17,247 ",Sangamon,"Sangamon County, Illinois"
"$9,471 ","$16,851 ","$25,290 ","$15,868 ",Montgomery,"Montgomery County, Illinois"
"$17,003 ","$27,232 ","$46,390 ","$26,496 ",Sangamon,"Sangamon County, Illinois"
"$15,751 ","$22,630 ","$33,597 ","$18,179 ",Sangamon,"Sangamon County, Illinois"
"$35,116 ","$53,944 ","$82,107 ","$41,227 ",Kane,"Kane County, Illinois"
"$36,059 ","$61,329 ","$91,399 ","$49,259 ",Shelby,"Shelby County, Illinois"
"$7,959 ","$11,160 ","$14,525 ","$7,541 ",Christian,"Christian County, Illinois"
"$94,701 ","$160,127 ","$226,645 ","$123,170 ",Christian,"Christian County, Illinois"
"$2,900 ","$7,203 ","$10,667 ","$5,858 ",Shelby,"Shelby County, Illinois"
"$12,382 ","$19,486 ","$27,665 ","$13,711 ",Macon,"Macon County, Illinois"
"$2,844 ","$4,407 ","$7,086 ","$4,104 ",Cass,"Cass County, Illinois"
"$2,300 ","$7,751 ","$9,659 ","$5,293 ",Cass,"Cass County, Illinois"
"$7,993 ","$15,218 ","$25,633 ","$13,366 ",Menard,"Menard County, Illinois"
"$17,319 ","$29,017 ","$50,931 ","$28,212 ",Sangamon,"Sangamon County, Illinois"
"$42,331 ","$68,003 ","$92,819 ","$55,460 ",Cass,"Cass County, Illinois"
"$222,062 ","$330,676 ","$514,226 ","$286,535 ",Dupage,"Dupage County, Illinois"
"$4,425 ","$8,841 ","$10,332 ","$6,067 ",Scott,"Scott County, Illinois"
"$43,602 ","$70,591 ","$109,489 ","$69,681 ",Macoupin,"Macoupin County, Illinois"
"$3,465 ","$7,490 ","$9,227 ","$4,618 ",Cass,"Cass County, Illinois"
"$2,755 ","$4,133 ","$5,501 ","$2,820 ",Morgan,"Morgan County, Illinois"
"$58,637 ","$101,527 ","$160,692 ","$85,979 ",Sangamon,"Sangamon County, Illinois"
"$3,162 ","$5,306 ","$7,077 ","$4,283 ",Morgan,"Morgan County, Illinois"
"$14,507 ","$22,565 ","$36,845 ","$21,745 ",Macoupin,"Macoupin County, Illinois"
"$4,663 ","$9,988 ","$13,452 ","$6,927 ",Menard,"Menard County, Illinois"
"$35,964 ","$59,454 ","$79,995 ","$47,913 ",Mason,"Mason County, Illinois"
"$150,058 ","$263,727 ","$383,038 ","$217,484 ",Morgan,"Morgan County, Illinois"
"$257,888 ","$383,391 ","$621,741 ","$342,751 ",Dupage,"Dupage County, Illinois"
"$118,079 ","$179,037 ","$272,769 ","$149,610 ",Logan,"Logan County, Illinois"
,,$991 ,"$1,588 ",Sangamon,"Sangamon County, Illinois"
"$13,194 ","$25,259 ","$31,385 ","$17,162 ",Mason,"Mason County, Illinois"
"$9,799 ","$16,550 ","$25,513 ","$14,367 ",Morgan,"Morgan County, Illinois"
"$3,411 ","$7,963 ","$13,008 ","$7,083 ",Morgan,"Morgan County, Illinois"
"$11,014 ","$13,923 ","$18,607 ","$11,355 ",Sangamon,"Sangamon County, Illinois"
"$3,855 ","$5,279 ","$10,301 ","$6,223 ",Macoupin,"Macoupin County, Illinois"
"$22,757 ","$43,584 ","$73,158 ","$44,091 ",Menard,"Menard County, Illinois"
"$4,495 ","$10,870 ","$17,754 ","$9,245 ",Sangamon,"Sangamon County, Illinois"
"$30,558 ","$44,830 ","$61,347 ","$41,206 ",Schuyler,"Schuyler County, Illinois"
"$100,052 ","$166,804 ","$287,104 ","$150,472 ",Kane,"Kane County, Illinois"
"$4,031 ","$9,549 ","$12,810 ","$7,368 ",Mason,"Mason County, Illinois"
"$20,398 ","$31,286 ","$60,415 ","$30,776 ",Sangamon,"Sangamon County, Illinois"
"$6,351 ","$9,833 ","$10,822 ","$7,775 ",Macoupin,"Macoupin County, Illinois"
"$21,903 ","$42,368 ","$60,713 ","$33,942 ",Macoupin,"Macoupin County, Illinois"
"$11,657 ","$19,183 ","$27,322 ","$17,782 ",Cass,"Cass County, Illinois"
"$6,450 ","$12,982 ","$21,513 ","$11,541 ",Morgan,"Morgan County, Illinois"
"$25,821 ","$38,308 ","$61,279 ","$34,139 ",Sangamon,"Sangamon County, Illinois"
"$14,829 ","$23,012 ","$37,245 ","$22,324 ",Scott,"Scott County, Illinois"
"$13,715 ","$23,609 ","$41,075 ","$21,802 ",Sangamon,"Sangamon County, Illinois"
"$322,325 ","$498,576 ","$761,301 ","$402,055 ",Sangamon,"Sangamon County, Illinois"
"$31,625 ","$51,135 ","$88,350 ","$56,399 ",Saint Clair,"St. Clair County, Illinois"
"$222,664 ","$365,416 ","$542,526 ","$308,854 ",Sangamon,"Sangamon County, Illinois"
"$248,327 ","$411,975 ","$603,901 ","$327,968 ",Sangamon,"Sangamon County, Illinois"
"$37,092 ","$60,161 ","$106,609 ","$58,367 ",Sangamon,"Sangamon County, Illinois"
"$27,322 ","$45,654 ","$88,646 ","$50,447 ",Sangamon,"Sangamon County, Illinois"
"$39,665 ","$69,735 ","$107,164 ","$59,786 ",Sangamon,"Sangamon County, Illinois"
"$13,823 ","$57,646 ","$106,425 ","$73,713 ",Sangamon,"Sangamon County, Illinois"
"$143,523 ","$205,654 ","$308,339 ","$172,090 ",Marion,"Marion County, Illinois"
"$19,959 ","$34,767 ","$48,737 ","$27,867 ",Edwards,"Edwards County, Illinois"
"$10,132 ","$13,058 ","$21,606 ","$13,297 ",Washington,"Washington County, Illinois"
"$65,213 ","$102,126 ","$165,955 ","$100,013 ",Franklin,"Franklin County, Illinois"
"$19,055 ","$20,032 ","$32,470 ","$26,242 ",Saint Clair,"St. Clair County, Illinois"
"$179,666 ","$261,148 ","$412,958 ","$214,625 ",Dupage,"Dupage County, Illinois"
$65 ,"$1,839 ","$4,334 ","$3,823 ",Jefferson,"Jefferson County, Illinois"
,,"$3,459 ","$2,784 ",Franklin,"Franklin County, Illinois"
"$6,982 ","$10,566 ","$13,499 ","$8,587 ",White,"White County, Illinois"
"$49,899 ","$79,654 ","$131,267 ","$76,561 ",White,"White County, Illinois"
"$24,092 ","$35,014 ","$64,421 ","$37,061 ",Franklin,"Franklin County, Illinois"
"$9,022 ","$13,192 ","$20,283 ","$10,751 ",Wayne,"Wayne County, Illinois"
"$7,200 ","$16,913 ","$22,544 ","$13,491 ",Clay,"Clay County, Illinois"
"$7,097 ","$10,763 ","$18,161 ","$11,134 ",White,"White County, Illinois"
,,"$3,742 ","$2,180 ",Hamilton,"Hamilton County, Illinois"
"$5,874 ","$13,115 ","$17,213 ","$13,803 ",Jefferson,"Jefferson County, Illinois"
$14 ,"$11,817 ","$23,878 ","$12,652 ",Kane,"Kane County, Illinois"
"$60,704 ","$93,073 ","$145,465 ","$88,131 ",Perry,"Perry County, Illinois"
,"$2,400 ","$5,817 ","$3,693 ",White,"White County, Illinois"
"$78,193 ","$110,837 ","$160,589 ","$94,473 ",Wayne,"Wayne County, Illinois"
"$9,215 ","$16,977 ","$31,547 ","$17,394 ",Fayette,"Fayette County, Illinois"
"$49,870 ","$74,184 ","$103,261 ","$59,342 ",Clay,"Clay County, Illinois"
"$29,502 ","$54,342 ","$74,434 ","$41,385 ",White,"White County, Illinois"
"$18,555 ","$31,213 ","$47,262 ","$24,101 ",Jefferson,"Jefferson County, Illinois"
"$4,445 ","$6,621 ","$10,491 ","$5,087 ",Marion,"Marion County, Illinois"
"$3,186 ","$6,907 ","$9,763 ","$4,508 ",Marion,"Marion County, Illinois"
"$5,740 ","$12,565 ","$16,974 ","$8,619 ",Clay,"Clay County, Illinois"
"$342,131 ","$498,534 ","$816,162 ","$488,945 ",Saint Clair,"St. Clair County, Illinois"
"$20,663 ","$30,339 ","$62,254 ","$34,406 ",Hamilton,"Hamilton County, Illinois"
"$71,752 ","$110,511 ","$156,897 ","$92,508 ",Wabash,"Wabash County, Illinois"
"$238,612 ","$362,867 ","$545,209 ","$310,791 ",Jefferson,"Jefferson County, Illinois"
"$10,221 ","$18,074 ","$30,901 ","$17,134 ",White,"White County, Illinois"
"$6,423 ","$12,330 ","$15,216 ","$8,906 ",Marion,"Marion County, Illinois"
"$3,769 ","$6,131 ","$8,560 ","$4,990 ",Gallatin,"Gallatin County, Illinois"
"$9,130 ","$13,808 ","$19,256 ","$11,456 ",Marion,"Marion County, Illinois"
"$96,403 ","$141,080 ","$222,297 ","$133,880 ",Marion,"Marion County, Illinois"
"$11,048 ","$18,193 ","$20,556 ","$12,424 ",Marion,"Marion County, Illinois"
"$18,524 ","$27,456 ","$44,519 ","$27,592 ",Franklin,"Franklin County, Illinois"
"$19,740 ","$19,025 ","$25,461 ","$13,506 ",Saint Clair,"St. Clair County, Illinois"
"$5,751 ","$12,470 ","$20,788 ","$12,972 ",Perry,"Perry County, Illinois"
"$4,236 ","$6,638 ","$12,455 ","$7,275 ",Franklin,"Franklin County, Illinois"
"$8,050 ","$26,331 ","$31,901 ","$13,717 ",Wayne,"Wayne County, Illinois"
"$60,316 ","$98,393 ","$163,287 ","$98,156 ",Franklin,"Franklin County, Illinois"
,,"$4,060 ","$7,344 ",Franklin,"Franklin County, Illinois"
"$9,196 ","$15,419 ","$25,626 ","$15,192 ",Jefferson,"Jefferson County, Illinois"
"$1,378 ","$5,493 ","$9,081 ","$5,369 ",Clay,"Clay County, Illinois"
"$75,695 ","$112,731 ","$185,270 ","$107,737 ",Jackson,"Jackson County, Illinois"
"$29,409 ","$47,427 ","$78,714 ","$43,890 ",Jackson,"Jackson County, Illinois"
"$19,755 ","$31,540 ","$59,173 ","$34,203 ",Jackson,"Jackson County, Illinois"
"$488,845 ","$789,204 ","$1,266,977 ","$675,119 ",Dupage,"Dupage County, Illinois"
"$43,760 ","$65,774 ","$108,489 ","$70,663 ",Union,"Union County, Illinois"
"$4,915 ","$8,761 ","$13,620 ","$7,641 ",Jackson,"Jackson County, Illinois"
"$1,295 ","$1,317 ","$5,918 ",$816 ,Massac,"Massac County, Illinois"
"$14,559 ","$23,415 ","$35,054 ","$18,515 ",Alexander,"Alexander County, Illinois"
"$2,553 ","$3,068 ",$159 ,"$1,806 ",Williamson,"Williamson County, Illinois"
"$1,599 ","$4,012 ","$12,065 ","$6,139 ",Jackson,"Jackson County, Illinois"
"$11,410 ","$17,925 ","$29,992 ","$18,860 ",Saline,"Saline County, Illinois"
"$31,668 ","$45,032 ","$88,346 ","$53,532 ",Williamson,"Williamson County, Illinois"
,,$761 ,"$3,300 ",Hardin,"Hardin County, Illinois"
"$4,650 ","$7,701 ","$13,924 ","$9,705 ",Union,"Union County, Illinois"
"$23,775 ","$40,125 ","$82,320 ","$52,314 ",Saint Clair,"St. Clair County, Illinois"
"$2,743 ","$4,426 ","$7,218 ","$4,291 ",Williamson,"Williamson County, Illinois"
"$12,907 ","$25,486 ","$46,505 ","$28,305 ",Jackson,"Jackson County, Illinois"
"$5,355 ","$9,444 ","$19,247 ","$12,347 ",Union,"Union County, Illinois"
"$31,900 ","$49,259 ","$84,593 ","$53,943 ",Saline,"Saline County, Illinois"
"$10,167 ","$16,120 ","$27,469 ","$13,653 ",Hardin,"Hardin County, Illinois"
"$6,528 ","$12,236 ","$22,268 ","$12,664 ",Jackson,"Jackson County, Illinois"
"$8,803 ","$14,265 ","$22,420 ","$13,560 ",Williamson,"Williamson County, Illinois"
,"$3,848 ","$15,067 ","$8,846 ",Saline,"Saline County, Illinois"
"$10,963 ","$18,789 ","$29,165 ","$16,294 ",Pope,"Pope County, Illinois"
"$10,701 ","$16,828 ","$30,582 ","$17,346 ",Johnson,"Johnson County, Illinois"
"$15,291 ","$25,902 ","$67,595 ","$35,832 ",Kane,"Kane County, Illinois"
"$1,408 ","$2,802 ","$5,859 ","$3,438 ",Jackson,"Jackson County, Illinois"
"$61,875 ","$106,549 ","$190,127 ","$120,877 ",Saline,"Saline County, Illinois"
"$92,379 ","$126,814 ","$196,103 ","$118,781 ",Williamson,"Williamson County, Illinois"
"$18,497 ","$31,400 ","$63,653 ","$35,017 ",Williamson,"Williamson County, Illinois"
"$9,776 ","$16,086 ","$29,074 ","$17,332 ",Union,"Union County, Illinois"
,,"$2,967 ","$3,470 ",Gallatin,"Gallatin County, Illinois"
,,"$2,185 ",$925 ,Pulaski,"Pulaski County, Illinois"
"$6,649 ","$8,668 ","$9,191 ","$4,813 ",Alexander,"Alexander County, Illinois"
"$148,652 ","$221,690 ","$393,186 ","$234,734 ",Williamson,"Williamson County, Illinois"
"$84,524 ","$123,125 ","$177,819 ","$101,491 ",Massac,"Massac County, Illinois"
$278 ,"$4,475 ","$7,579 ","$4,751 ",Saint Clair,"St. Clair County, Illinois"
"$5,700 ","$8,991 ","$14,144 ","$9,028 ",Pulaski,"Pulaski County, Illinois"
"$62,741 ","$101,921 ","$183,013 ","$103,313 ",Jackson,"Jackson County, Illinois"
"$8,178 ","$12,822 ","$23,961 ","$17,493 ",Alexander,"Alexander County, Illinois"
"$6,346 ","$8,009 ","$12,228 ","$6,777 ",Pulaski,"Pulaski County, Illinois"
"$3,822 ","$5,335 ","$8,766 ","$4,289 ",Williamson,"Williamson County, Illinois"
,,,$715 ,Pulaski,"Pulaski County, Illinois"
"$18,537 ","$19,451 ","$29,546 ","$14,872 ",Gallatin,"Gallatin County, Illinois"
,,"$6,491 ","$4,312 ",Hardin,"Hardin County, Illinois"
"$6,865 ","$12,020 ","$15,645 ","$8,491 ",Franklin,"Franklin County, Illinois"
"$22,247 ","$34,807 ","$50,262 ","$21,018 ",Gallatin,"Gallatin County, Illinois"
"$127,473 ","$179,275 ","$250,657 ","$138,959 ",Cook,"Cook County, Illinois"
,,$728 ,$929 ,Saline,"Saline County, Illinois"
"$5,139 ","$6,885 ","$11,109 ","$5,670 ",Alexander,"Alexander County, Illinois"
"$6,326 ","$9,817 ","$18,059 ","$9,588 ",Pulaski,"Pulaski County, Illinois"
"$30,680 ","$47,215 ","$84,189 ","$50,584 ",Johnson,"Johnson County, Illinois"
"$2,464 ","$5,344 ","$9,300 ","$4,362 ",Perry,"Perry County, Illinois"
"$7,622 ","$12,481 ","$20,758 ","$13,906 ",Franklin,"Franklin County, Illinois"
"$357,764 ","$498,468 ","$775,946 ","$453,166 ",Cook,"Cook County, Illinois"
